,label,xcentroid,ycentroid,sky_centroid,bbox_xmin,bbox_xmax,bbox_ymin,bbox_ymax,area,semimajor_sigma,semiminor_sigma,orientation,eccentricity,min_value,max_value,local_background,segment_flux,segment_fluxerr,kron_flux,kron_fluxerr,VLT_FORS2_I,kron_radius,ra,dec,separation,ang_size,P_c,Sigma_m,mag,P_O,p_xO,P_Ox,P_Ux,P_U
98,99,369.8570504808734,361.92079060941563,,324,417,303,420,6716.0,20.129952071642258,17.26278569229302,-28.632960136501573,0.5143720227020682,1.238188076252598,194.85837176055009,0.0,72881.19908921231,,81122.5090002979,,15.382005938931009,1.4,199.80817403987365,-18.837880938788892,2.160695519556528,5.072747922053849,0.00021657720996748342,6.34628825674492e-07,15.382005938931009,0.2842251050413436,0.010692295379510499,0.9998406995629606,0.0,0.0
97,98,372.8937374026265,328.1800920565069,,355,392,313,340,731.0,9.035692806410616,5.636669252477975,21.17914017351476,0.781565980093989,2.5005157418302417,13.382885299348814,0.0,4773.303067047193,,9472.270411817575,,18.34149718845488,2.5886178418186643,199.80796826162012,-18.840215020977418,8.771309726016502,2.276994587215475,0.007076596455313333,2.2899827887206474e-05,18.34149718845488,0.007876803508220648,6.147089377581351e-05,0.00015930043703943602,0.0,0.0
99,100,326.0121487161195,348.2982468429106,,320,333,336,356,170.0,3.3850130413800583,2.4373635734422807,-61.11530903898543,0.6939268026941569,1.7950285088052311,33.74888761299958,0.0,1313.7622577323093,,1561.2591369266006,,19.742252759403442,1.6778003871344807,199.81138338018243,-18.838802984283305,9.345097864842966,0.8530232864277747,0.029329170304929764,0.00010380384772841891,19.742252759403442,0.0017376759011045228,2.9723755544018633e-22,1.6992993322598592e-22,0.0,0.0
53,54,429.447493289085,442.43565312321425,,414,459,417,458,1169.0,11.716282453211246,5.486729698998815,-44.83328460565655,0.883569770637687,-0.1517150753258676,35.49233874057832,0.0,1174.4472660012036,,1303.5662853388856,,19.86396090912752,1.4,199.80378283555504,-18.83234120130574,26.367145274837096,2.952503178209234,0.23692462765189914,0.00011772163229326913,19.86396090912752,0.001532237033464157,2.988036036069007e-71,1.5062921519341322e-71,0.0,0.0
100,101,308.55543327874676,421.12899482019986,,301,316,412,439,304.0,4.778609166480541,2.218165787409942,80.18602372964996,0.8857374938826672,-0.190096018979375,19.55457158092983,0.0,584.2564400133406,,578.5444410988905,,20.622035941892552,1.4,199.8126238048251,-18.833759833086862,19.81117024616971,1.2042095099530963,0.2717408086624581,0.0002527663660161236,20.622035941892552,0.0007136133160536517,1.4894470860371621e-140,3.496918029396535e-141,0.0,0.0
1,2,704.231185762112,9.062059525749834,,699,708,3,18,78.0,4.708898023290345,1.361930518149025,68.68967119957364,0.9572611777087321,0.10847577498535088,1.1499297653032556,0.0,46.38158319989509,,128.89103850114432,,23.372680790070305,2.735927103374705,199.78391255968782,-18.862425357329354,122.39893158883267,1.186642301869167,1.0,0.003066149675420272,23.372680790070305,5.882864952275136e-05,0.0,0.0,0.0,0.0
0,1,81.01921396681817,7.11021599951287,,46,117,0,52,1683.0,5.831402867504307,4.651955185857555,31.928374702867437,0.6029988779794418,-71.42488488097801,435.24552177198854,0.0,21332.305228874447,,20828.569819953038,,16.715950239563306,1.4,199.8294453519845,-18.862280044884113,112.42638415097429,1.4695135226110854,0.126956072633013,3.4165135446250335e-06,16.715950239563306,0.05279576453703,0.0,0.0,0.0,0.0
7,8,321.09549701533837,56.560091465106225,,308,332,44,70,423.0,1.9553167106776503,1.8787697695385537,58.96944309161298,0.27706250768295376,-0.04479962349545019,601.4392666032867,0.0,6428.372472425529,,6203.913019153186,,18.01829213051138,1.4,199.81188178492678,-18.85897052514782,76.53227147199944,0.49273981109076787,0.2535981616573273,1.5890023823822562e-05,18.01829213051138,0.011351615745797211,0.0,0.0,0.0,0.0
8,9,530.7023024836491,59.97598340784457,,527,535,56,64,70.0,1.6853380214981504,1.4411588447456083,34.44264394235758,0.518437362832277,-0.03873589003595157,8.150520029478443,0.0,110.87226981762329,,113.44331781045167,,22.426487365595865,1.4,199.7965666055934,-18.858828420982142,86.07772278333454,0.4247051814175339,0.9999999999999838,0.0013636817124448863,22.426487365595865,0.00013227239391236392,0.0,0.0,0.0,0.0
9,10,494.21620926279184,70.44306408949696,,489,501,64,75,92.0,2.8139693130380046,2.4877950194076934,-46.51674296103319,0.46732145239447553,0.004233575263342004,2.1623699331884154,0.0,58.84539153790823,,70.32586303224278,,23.114263570114144,1.4,199.79922728233205,-18.858088480438358,79.63292762260005,0.7091202668855772,1.0,0.002469678423803613,23.114263570114144,7.303681438889246e-05,0.0,0.0,0.0,0.0
2,3,528.1507726727845,12.33181197001435,,521,536,6,19,117.0,4.865486961235569,2.0570270451877994,-34.46240583818862,0.906232688367385,0.029142490936266086,2.648311875849828,0.0,74.07911554254636,,98.40600427894597,,22.864305240969955,1.4,199.79677546311652,-18.862121237221334,96.31336381900985,1.2261027142313634,1.0,0.0019963181328841654,22.864305240969955,9.035505998184672e-05,0.0,0.0,0.0,0.0
3,4,154.45998840440666,14.676569350912747,,149,160,9,20,105.0,2.4421382185772114,2.1327568589866774,39.09832039809722,0.4871552651214334,0.053376716532795854,3.5419884464187703,0.0,100.79116631098911,,113.23834133982118,,22.52998853549394,1.4,199.82407612532998,-18.861790535287554,100.47817973050472,0.6154188310814572,1.0,0.0014936982206602471,22.52998853549394,0.00012075896064190681,0.0,0.0,0.0,0.0
4,5,265.9833104692678,19.275247911668046,,262,271,15,24,80.0,1.3829078507682726,1.2652759770978874,47.61344008785381,0.4035927254644723,-0.05565831342070737,31.858290108767108,0.0,237.4888460879643,,234.42839494053044,,21.59943666887007,1.4,199.81592605881914,-18.861523329994597,88.39443578863884,0.3484927783936047,0.9999998658471206,0.0006445247048032221,21.59943666887007,0.00027986118033236206,0.0,0.0,0.0,0.0
5,6,694.623570307862,39.606560975004655,,684,703,32,48,194.0,5.299515290155092,2.344356778531075,-35.76721241723247,0.8968316900600517,-0.009315231771893195,4.318758975401607,0.0,188.968975614986,,321.5443782318308,,21.847568440228706,2.463038506685461,199.78460025519996,-18.86030937858296,115.33943979192676,1.3354778531190832,0.9999999999999981,0.0008103215232075998,21.847568440228706,0.00022259984397993745,0.0,0.0,0.0,0.0
6,7,539.4742539806645,45.25764357198349,,529,546,37,52,181.0,4.797792484215589,2.7390644541128064,-37.31985924174736,0.8210189191196907,-0.11304255056873558,5.249533778743242,0.0,190.44949352251285,,206.4164777378182,,21.83909515712173,1.7666640253969934,199.79593266919122,-18.85984990529754,90.34104904515186,1.2090437060223285,0.999999998906139,0.0008040582659737503,21.83909515712173,0.0002243337980253855,0.0,0.0,0.0,0.0
15,16,92.16833198625702,142.78156766163966,,82,101,137,150,200.0,3.0068741012775817,1.8500339205259757,24.65605080281524,0.7883178807484831,0.03279882059712236,34.773513393609974,0.0,624.5621521291664,,623.9536491730022,,20.549605555083062,1.4,199.82856510250573,-18.852905317504327,86.2835644736358,0.7577322735219506,0.9959379269499561,0.00023531002702265334,20.549605555083062,0.000766552309401724,0.0,0.0,0.0,0.0
16,17,71.90151846251601,146.24257607288607,,68,76,142,151,77.0,1.8909838073725866,1.5052591353289244,60.9634569748036,0.605271567845858,-0.06609587724854293,9.299036345618191,0.0,125.1126744251942,,131.58586460431624,,22.295291442913786,1.6043113292519797,199.83004403322735,-18.852656742876025,89.737453870182,0.47652791945789186,0.9999999999999544,0.0012139597390934292,22.295291442913786,0.0001485860188199493,0.0,0.0,0.0,0.0
17,18,142.0111922473482,148.33039276143387,,134,148,142,153,77.0,4.494746567853735,1.403334437677472,31.883938100711614,0.9500109484267829,-0.3266737752450979,2.935315743943505,0.0,68.64119223153055,,71.76747043221064,,22.94708266677367,1.5579290067057538,199.82492111232065,-18.852544495390216,76.0855202854216,1.1326761350991412,1.0,0.0021428921175224176,22.94708266677367,8.41747669724722e-05,0.0,0.0,0.0,0.0
18,19,55.3623043146874,157.02847866650112,,45,64,145,164,271.0,3.4191048805396553,2.8455631667059436,-59.81159044067379,0.554394756067362,-0.3056867586439722,25.372856992124824,0.0,452.1623644936772,,477.79340221039286,,20.900308684154524,1.504668439883383,199.83124708273988,-18.85190345148016,91.55444553248077,0.8616144298959931,0.9998402626362154,0.0003318129494381808,20.900308684154524,0.0005436118299331252,0.0,0.0,0.0,0.0
19,20,677.5112150936283,150.40860489228717,,672,685,146,155,88.0,3.2648905166248845,2.081385555558512,19.152516846510757,0.7704458311543386,-0.09165916346408665,1.3133414615450363,0.0,49.02696744216223,,108.03659106326708,,23.31245713513799,2.3202261439189185,199.7857987675436,-18.85264135229217,94.6413453453562,0.8227524101894709,1.0,0.0029163618622316994,23.31245713513799,6.185015891737318e-05,0.0,0.0,0.0,0.0
20,21,572.5022265614346,166.46695017926123,,564,580,161,173,147.0,3.37485677776551,1.6739346850648709,35.703632807794435,0.8683215520194619,0.04044941806429847,8.98060138078317,0.0,267.9912442727532,,276.9722640814947,,21.46824319942018,1.4,199.79346274006699,-18.85148460912719,71.55931412296972,0.8504639079969085,0.9998969881140339,0.0005702410848989366,21.46824319942018,0.0003163178687336518,0.0,0.0,0.0,0.0
21,22,534.0548424426119,170.0801150870817,,529,540,164,176,112.0,2.6000897826434595,2.230145442664102,-32.974023223773244,0.514119396749513,-0.18871718810292748,3.8908521231991386,0.0,138.90343503963481,,158.98896089706275,,22.18176224763169,1.5990261986580214,199.79626982362385,-18.85121769473057,64.18129201044582,0.6552226252261518,0.9999993220006098,0.0010968743644416963,22.18176224763169,0.00016444676846049568,0.0,0.0,0.0,0.0
22,23,251.65614576968397,173.4254804683373,,245,258,167,180,150.0,1.514510662240093,1.44163805959054,18.661137283234986,0.3064593985120659,-0.08190217383005916,116.7733808952433,0.0,1107.5634675871572,,1077.9197504566066,,19.927623156410647,1.4,199.81689889266343,-18.85085942433579,54.15434352820034,0.38165668688450344,0.6860837790907572,0.00012568622934871156,19.927623156410647,0.0014351408708359512,0.0,0.0,0.0,0.0
23,24,178.54931252119349,177.77996182307544,,168,185,170,183,149.0,2.8667567073670175,1.8114441321335037,34.61004428283753,0.7750668291422097,-0.0865814080443954,28.90054223069714,0.0,383.8928558678615,,380.08527108290264,,21.07801963698042,1.4,199.82223761205393,-18.85052512743102,64.46460485748815,0.7224226902564884,0.9941769426652061,0.00039386244108376953,21.07801963698042,0.00045797066646736446,0.0,0.0,0.0,0.0
24,25,139.28642365284037,174.9783537154705,,135,143,171,179,71.0,1.7567456809666824,1.7071507035436755,-87.06451780939712,0.2359350156058322,-0.12608312003226274,4.787281020567633,0.0,76.82516242831676,,93.1711802693602,,22.824785994381955,1.8477794394743428,199.82510730710655,-18.850700904246196,72.13805888629388,0.44269991160360395,0.9999999999999803,0.0019296602162398387,22.824785994381955,9.347627272488565e-05,0.0,0.0,0.0,0.0
25,26,498.4322118467945,182.82821823776823,,494,503,177,189,105.0,2.5130376996504076,1.9124723535032062,-87.62564214371633,0.6487282291754285,-0.00592965752515795,5.293448216846798,0.0,137.19684723699777,,147.56415291780246,,22.195184383575207,1.6384442499201746,199.79886622437292,-18.850320441929473,56.060165083406545,0.6332855003119027,0.9999827888790721,0.0011101480962197698,22.195184383575207,0.0001624805242235795,0.0,0.0,0.0,0.0
26,27,474.4317787196258,187.37905305162917,,470,480,183,192,79.0,1.8359406331660357,1.5717864801429535,38.51669566190507,0.516776186281944,-0.06956898183686633,7.769992952876123,0.0,124.27310918946445,,130.28883513551006,,22.3026018020143,1.4480993723534994,199.800617419601,-18.849995084891397,51.68078686172658,0.462657039557841,0.9999649933078656,0.0012218833764981163,22.3026018020143,0.000147622472086128,0.0,0.0,0.0,0.0
27,28,233.944756543117,194.19459954551678,,230,238,188,199,74.0,2.515827927083502,1.3570723511840188,69.00741993931886,0.8420408133842632,-0.07551941332563672,4.149845914457799,0.0,78.85416574669635,,95.47471370148699,,22.796483108749058,2.1548329080413726,199.81818283007917,-18.849415480241507,52.30152302634665,0.6339886376250424,0.9999999077899226,0.001883192402581824,22.796483108749058,9.5782801795665e-05,0.0,0.0,0.0,0.0
28,29,651.1527218734348,200.71120754770715,,647,656,196,205,75.0,1.7364462891741885,1.3936899129157898,-51.4293712545828,0.5965035526532286,-0.11658616522886689,11.16000095008134,0.0,147.59321897977253,,149.9981410162589,,22.115878700414772,1.4690360193209473,199.78770089849428,-18.8491519538744,82.51434209046596,0.4375844648718955,0.9999999997524585,0.0010338325930996208,22.115878700414772,0.00017447451922442505,0.0,0.0,0.0,0.0
29,30,495.78900744304974,216.53019756394622,,480,518,199,239,1052.0,8.010125189706724,6.15683719447392,-67.71772946957071,0.6396914160177182,-0.07361969680538039,18.164773574327327,0.0,2239.2165540557007,,2336.5236078501603,,19.16330447193963,1.454267765633882,199.79904341441343,-18.8479892225475,49.22248993896328,2.0185515478060942,0.3509009320529468,5.6374233512726875e-05,19.16330447193963,0.0031996434079919777,0.0,0.0,0.0,0.0
30,31,525.6650210470648,208.85654289137344,,517,533,202,216,186.0,1.6225060033625878,1.552391484013958,14.735828997730412,0.29079204508551115,-0.0852871862407909,160.56308566576712,0.0,1349.6597424187728,,1308.3652787768956,,19.71298397732082,1.4,199.79686447418504,-18.848533086148166,55.83712560387385,0.4088715128473721,0.6272502190067729,0.00010069693261260779,19.71298397732082,0.0017912903596927715,0.0,0.0,0.0,0.0
31,32,66.2001863402484,233.09296992773082,,62,71,229,237,75.0,1.8552129748288233,1.536474477769467,-13.522966755509852,0.56044293612972,-0.13523859356030243,7.329745683933751,0.0,139.83090176037106,,140.62076108529794,,22.174536816238117,1.4,199.83041842874235,-18.846649596970458,80.06868147717307,0.4675136696568635,0.9999999997084249,0.0010897900662449108,22.174536816238117,0.00016551577246535517,0.0,0.0,0.0,0.0
32,33,364.26097766435055,243.2455069059609,,354,374,232,254,343.0,1.859874318903808,1.7511560370410297,61.4714782479319,0.3368862317531533,-0.082089429098815,608.9955015956497,0.0,6655.001268337383,,6430.650604001054,,17.980674355782526,1.4,199.80863931351544,-18.846083216116824,29.423368419098065,0.4686883283637596,0.04064354026112593,1.5222083036752122e-05,17.980674355782526,0.011849721500276578,0.0,0.0,0.0,0.0
33,34,327.0310531497503,239.4023010199492,,319,333,234,245,118.0,3.108937479488786,2.5330805181494984,15.37573666836645,0.5797790999403918,0.057892455850648616,2.323511589901301,0.0,96.77935688233333,,152.62516549855326,,22.574087882706287,2.295358291983369,199.81136090140888,-18.846332131636196,31.53765267815808,0.7834522448311741,0.9923126850166011,0.0015525110812437302,22.574087882706287,0.00011618432024014608,0.0,0.0,0.0,0.0
34,35,696.5052408673941,243.51264828427782,,689,704,237,251,169.0,2.0549684153814978,1.7841115928920563,-34.42383004131331,0.49622463390922156,-0.1633189241497064,40.60563601403953,0.0,580.3513499133601,,570.1118914745414,,20.629317214835506,1.4,199.78436775648817,-18.846212838459444,88.46814893650121,0.5178520406761374,0.9980915876256821,0.0002545870190398491,20.629317214835506,0.0007085099834228529,0.0,0.0,0.0,0.0
35,36,3.265064250115162,269.4203863635894,,1,10,262,277,124.0,2.5839709672333324,1.8126923719986006,81.0187832480345,0.7126554582468803,-0.0046700214226262915,24.28239215031728,0.0,583.2700666057249,,709.2320036505917,,20.623870489663048,1.4,199.8349983479293,-18.844109107569572,91.98229624889781,0.6511606837427998,0.998808951796597,0.00025322393009657697,20.623870489663048,0.0007123238493723832,0.0,0.0,0.0,0.0
36,37,628.2135964226426,266.6267830078059,,623,634,263,270,74.0,2.8177816774964746,1.4178928456556574,14.152950907541767,0.864173061188203,-0.1108228806931919,2.8902962684644535,0.0,64.2011698793719,,73.37323789995902,,23.01968735750019,1.4,199.78934584871797,-18.84458462326088,70.5249388486064,0.7100809827291116,0.9999999999999997,0.0022795695881897846,23.01968735750019,7.912785184278381e-05,0.0,0.0,0.0,0.0
37,38,515.1732674019966,277.0458647495315,,506,525,268,286,255.0,2.380723275960796,2.3058735318220185,71.24842411774537,0.24877975641050043,0.043215529653934937,71.76180518021185,0.0,1589.3961993677776,,1571.0934141871212,,19.535464286786922,1.4,199.79759879165712,-18.843814031618727,43.70237489453442,0.5999422655421206,0.3950469052696882,8.365708038708418e-05,19.535464286786922,0.0021561527584393857,0.0,0.0,0.0,0.0
38,39,38.78330517797271,288.1323346925431,,29,53,273,302,477.0,4.396067242228729,2.8300647893656317,-69.99897436876392,0.7652174030314722,-0.11139501274739416,47.21798646468433,0.0,2233.451169828672,,2225.720227243418,,19.166103557515875,1.4,199.83239458065023,-18.842831776115297,82.2932393767886,1.1078089450416397,0.7000217513150173,5.65435773153324e-05,19.166103557515875,0.003190060714299478,0.0,0.0,0.0,0.0
39,40,606.8721946171688,281.9845982535549,,603,611,275,290,118.0,3.038178114782608,1.5161350994794618,-79.96868398547028,0.8665860222999237,-0.04181408315660917,7.785158532170186,0.0,185.77667048745627,,190.6158178216586,,21.86606677440128,1.4,199.79089768955126,-18.843513377060095,64.26631804294492,0.7656208849252173,0.9999775087750288,0.0008241534258116589,21.86606677440128,0.00021886391415767536,0.0,0.0,0.0,0.0
40,41,69.23092108098642,294.9403034256654,,60,80,282,306,350.0,2.0865837557135474,1.7399312257153365,-82.69060883886067,0.5519669496331286,-0.03176475774664311,578.3307866605609,0.0,5311.382464115845,,5092.260087571259,,18.22552577375114,1.4,199.83016703790827,-18.84237508132955,74.52785061268892,0.5258191064398139,0.29593012181380507,2.010022297812602e-05,18.22552577375114,0.008973902669432671,0.0,0.0,0.0,0.0
41,42,118.21881288188519,306.1231474416069,,110,129,298,314,273.0,3.454274058233639,2.8976019285092947,17.663584193875188,0.5443697117199604,-0.17486393648570697,14.019677146078777,0.0,645.3182121578441,,661.2773440808555,,20.514109907407388,1.4125221215175088,199.82658300598806,-18.841624382801665,62.02126780373817,0.870477062674877,0.9359584424800927,0.00022717545701617662,20.514109907407388,0.000794000580030759,0.0,0.0,0.0,0.0
10,11,42.086213599465054,77.93260551858604,,31,54,67,90,402.0,1.9233676063618041,1.8479508740221733,35.805243956172255,0.27727975586067793,-0.07404130588734859,623.7281749654052,0.0,8422.828742947091,,8152.082508713163,,17.72489978599694,1.4,199.83225539085018,-18.857365760370282,106.23927944137604,0.48468863680317464,0.33117035704205056,1.134158463853349e-05,17.72489978599694,0.015904077815260258,0.0,0.0,0.0,0.0
11,12,447.6328524847136,83.40725362566687,,443,453,80,88,80.0,2.066553214452302,1.3698251274259892,20.88210370128038,0.748747788808624,0.038802306554032384,8.520349788156011,0.0,137.85672746093167,,138.12170705566706,,22.189974800494667,1.4,199.80262443738664,-18.85717133732811,72.46437134487797,0.5207714100419801,0.9999999879711002,0.0011049784813032097,22.189974800494667,0.000163240685399466,0.0,0.0,0.0,0.0
12,13,308.67389449989025,89.54666449984279,,304,314,83,96,121.0,2.204900303902885,1.744403761073627,-67.7654373529257,0.6116239959745493,-0.1377960525203008,14.651456248792357,0.0,223.3176355738956,,232.37552863826048,,21.666237159704753,1.5535767356628394,199.81277353045914,-18.856684335121695,68.91947298980209,0.5556348765835271,0.99996419936911,0.0006857314510272579,21.666237159704753,0.0002630438553888452,0.0,0.0,0.0,0.0
13,14,485.27482482362353,131.1468233135144,,474,497,106,146,641.0,7.605888113030638,3.495737785634952,-82.81931315871292,0.8881211548600173,-0.08061088792412363,34.15686877969904,0.0,1318.3102472028927,,1370.9506105493863,,19.738500642596502,1.4095193206008367,199.7998518472993,-18.853887636048043,65.10591778146815,1.9166838044837209,0.7489359358741539,0.000103400552337126,19.738500642596502,0.0017444533956791296,0.0,0.0,0.0,0.0
14,15,658.165021510045,120.46954828887826,,648,668,111,135,345.0,1.8841695638252227,1.6854318241560797,77.00520166520262,0.4470231863679849,-0.13211105222228525,520.5501286929125,0.0,4613.796944034632,,4458.08036792086,,18.378398519619477,1.4,199.7872261064692,-18.854702688436287,95.18518011891416,0.47481073008395613,0.4931059736857988,2.3865909653867903e-05,18.378398519619477,0.007557953887182488,0.0,0.0,0.0,0.0
46,47,246.0054004292162,366.04620839727033,,242,252,361,371,77.0,2.9463633265526954,1.570473952321077,-44.63645444610162,0.8461019203122186,-0.0069212201382811145,2.8411760571554794,0.0,53.80040010487521,,103.15876191168263,,23.211580948592758,2.5542959786339607,199.81721934125537,-18.83753973556007,28.692277203177678,0.7424835582912792,0.9990507568109653,0.0026804697925871548,23.211580948592758,6.729322044159245e-05,0.0,0.0,0.0,0.0
45,46,13.763941522884778,385.10526915308986,,0,40,354,413,1920.0,9.829614842116017,7.042757899419389,44.010305884709574,0.6976039281859462,-0.0887024274663446,246.70520804932053,0.0,12012.23738370632,,12250.200337698136,,17.3394849470775,1.4,199.83417510509224,-18.836115899817806,86.67402440470005,2.4770629402132363,0.15725554942152165,7.224772327057441e-06,17.3394849470775,0.024966523023025485,0.0,0.0,0.0,0.0
44,45,79.0173870154096,343.0602577753657,,72,86,337,348,142.0,2.447324086183014,1.8638614693192725,8.98747955596974,0.6480572760673895,0.013535130261729478,15.709109025428802,0.0,338.071805425815,,344.1049985229798,,21.216022329969668,1.4,199.82942880901712,-18.839052726459446,70.38047053234499,0.6167256697181196,0.9990851131460461,0.0004493814368847674,21.216022329969668,0.00040139051112129113,0.0,0.0,0.0,0.0
43,44,155.12568175981983,329.3060788888383,,149,160,325,333,71.0,2.7751410470889,1.430889304988638,20.607327914292235,0.8568236474177015,-0.07026630906277376,3.313380402350404,0.0,64.1988072403329,,71.01582895303177,,23.01972731393634,1.4093389678575137,199.8238757451469,-18.840038460066978,51.90796801262923,0.6993355438664028,0.999999995924497,0.0022796469721248352,23.01972731393634,7.912516580208429e-05,0.0,0.0,0.0,0.0
42,43,290.7001524037137,304.04256995093397,,286,295,299,309,74.0,2.284655228816239,1.9263874334596045,66.3235758500717,0.5376232416210546,-0.0583894945522303,2.037173853892142,0.0,54.158779410360864,,126.49797470913137,,23.2043725422669,2.7989927013393356,199.81398407339364,-18.84184670551808,22.62241538591228,0.5757331176616923,0.9864779658695033,0.002664305359448474,23.2043725422669,6.770149074689251e-05,0.0,0.0,0.0,0.0
47,48,59.4686415925995,368.85650325044094,,56,64,364,374,70.0,2.035791695309987,1.598848044148755,64.1776133376477,0.6190276722512705,0.11013725110137784,4.076046429283323,0.0,78.51055164021433,,81.41010944004574,,22.80122464007828,1.4,199.83084432699016,-18.83726029532592,75.120372160646,0.5130195072181167,0.9999999999999972,0.0018909042036403404,22.80122464007828,9.539216439010344e-05,0.0,0.0,0.0,0.0
49,50,184.98841424588426,382.59469977459776,,178,193,375,391,211.0,1.5520637797989079,1.4959730888650582,36.01216294446534,0.2664071882183323,0.12934801073480173,411.6221694468834,0.0,3292.8802999429818,,3189.5458435337314,,18.744604852519373,1.4,199.821668615934,-18.83636788806368,44.17162018561014,0.3911200725093248,0.1972060411341261,3.580480096645068e-05,18.744604852519373,0.005037800511965191,0.0,0.0,0.0,0.0
48,49,500.73259961674677,389.4698682535577,,489,511,368,399,389.0,3.4230242399312125,1.8065046527814084,64.34082022620188,0.8493990960059407,-0.15112951691898502,253.97998935074435,0.0,1975.3836003032525,,1879.0198111497252,,19.29941610243055,1.4,199.79860066456695,-18.836034977343843,35.42631759826635,0.8626021084626656,0.22729443200149846,6.519129593563106e-05,19.29941610243055,0.002766894599206911,0.0,0.0,0.0,0.0
55,56,344.4184262249414,432.4503648734746,,336,351,426,439,163.0,3.3435282971060825,2.6065496018286765,2.936768437549619,0.6263019867750163,0.5006388843510337,10.84374562228193,0.0,619.3820810037416,,755.90506654715,,20.5586481200534,1.994940490355274,199.809998706296,-18.83299330512916,18.165210160175352,0.8425691308707328,0.2204361396013691,0.00023742568605190995,20.5586481200534,0.000759721694981898,0.0,0.0,0.0,0.0
56,57,172.33851017209068,436.8452228568631,,167,179,431,442,127.0,2.9061193373210195,2.3790787243974334,27.64991081101465,0.5743005478026778,0.011053471256474268,3.649093436524282,0.0,150.39542455903012,,208.92853290732762,,22.095458152162614,2.2345706473650586,199.82256654268934,-18.83261143226606,50.614787607343594,0.732342073004897,0.9997195443266741,0.0010149877965043065,22.095458152162614,0.0001777139047984915,0.0,0.0,0.0,0.0
57,58,677.5348800820655,448.4689773768529,,667,684,438,457,226.0,3.416621470698231,1.9923046153116486,64.28581410906175,0.8123851283047231,-0.2179914047293181,23.37979084350073,0.0,552.4006144808621,,553.2745963858752,,20.68290932971205,1.4,199.7856579829386,-18.832034486829027,81.66365356432668,0.8609886106159542,0.9963972944731908,0.00026837180461294864,20.68290932971205,0.000672117717059514,0.0,0.0,0.0,0.0
58,59,57.34851956305298,448.40498674419416,,49,70,440,459,307.0,3.4541092233554513,3.119134992788734,-24.116540228137243,0.42959529543346175,0.06467465156740104,27.284374357653107,0.0,653.1246956139048,,674.1815004088689,,20.50105444875826,1.4,199.8309606074065,-18.831759620505817,78.66324972456499,0.8704355242855737,0.9872506426764276,0.0002242506509658092,20.50105444875826,0.0008043563925578017,0.0,0.0,0.0,0.0
50,51,549.6797909598132,396.3451661057738,,541,559,386,407,301.0,1.754754799409116,1.5991244076932745,46.77965880922698,0.4117223802797716,-0.007276565242150923,509.2259843812809,0.0,4485.682991688307,,4335.593573043724,,18.408973266615508,1.4,199.79502190804254,-18.835581466178017,47.712921521233014,0.4421982094510972,0.16202099078896526,2.4695624990247645e-05,18.408973266615508,0.0073040242840919575,0.0,0.0,0.0,0.0
51,52,717.8704945242339,397.79161231290277,,707,721,389,407,177.0,3.0585480247779477,2.583014912758477,-82.98700581805481,0.5355188915397688,0.052421752714252534,14.27145368984408,0.0,421.6854910426354,,593.7710491308064,,20.976073066042638,1.6088787203805952,199.7827351718002,-18.8355559324995,89.2368897683269,0.7707541022440428,0.9998684692434968,0.0003570518239684204,20.976073066042638,0.0005051856132110127,0.0,0.0,0.0,0.0
52,53,523.3940691763426,401.4892620623067,,518,528,397,406,75.0,1.9259542812907953,1.5451921388039358,-1.350807104643254,0.5969217095888262,-0.09817728671768577,6.100110123060006,0.0,98.49312879474246,,102.00148310598237,,22.55502987788311,1.4,199.79693961378214,-18.83521410998446,41.58552598806267,0.4853404788852804,0.9997526500069266,0.0015268360048274747,22.55502987788311,0.00011813806071463373,0.0,0.0,0.0,0.0
54,55,158.35479874680976,430.8971641272128,,154,165,424,436,107.0,2.333728349775786,1.3234462773064446,-51.41600750795395,0.8236522142041105,-0.1886156267112824,33.14756786795574,0.0,290.15140695776824,,292.2683470820166,,21.381983010183458,1.4446882768022784,199.82359087856693,-18.83301628241269,53.364565096157776,0.5880995441434981,0.990981854661495,0.0005258462685263412,21.381983010183458,0.0003430231522705221,0.0,0.0,0.0,0.0
63,64,622.7284077566505,500.48247259813786,,616,634,493,507,192.0,2.922293222214901,2.023269593486033,40.618429957789054,0.7215553041840919,-0.07867963528572375,17.53218190463319,0.0,516.8391769490648,,528.298447532525,,20.75515614670883,1.5428835966392946,199.78963707455745,-18.828414211555966,73.7256925918805,0.736417891998155,0.9927151888246105,0.00028806761828781475,20.75515614670883,0.0006261635574026161,0.0,0.0,0.0,0.0
64,65,363.917128821178,523.314181545847,,353,374,506,544,566.0,4.6458704872208685,2.2084567672398587,-87.98894795227824,0.879791870568383,-0.24622156480847934,163.35112786589627,0.0,3140.4465684184884,,3036.958411272584,,18.7960661904499,1.4,199.8085311383808,-18.82672008437654,40.30047022122708,1.1707593627796589,0.17638833267013077,3.788056838451188e-05,18.7960661904499,0.00476174071119132,0.0,0.0,0.0,0.0
65,66,608.2554553666082,519.2526778854116,,601,616,510,530,216.0,5.1563841457069595,2.4877737506715354,82.22029028113748,0.8759153694974069,-0.18222725677807716,6.428118366831413,0.0,211.76478029754185,,327.2832038448689,,21.723910382227665,2.3528613920179615,199.7906854607421,-18.827110088519294,72.97052383581652,1.2994088047181538,0.999994532244396,0.000723272970838962,21.723910382227665,0.0002493905508875408,0.0,0.0,0.0,0.0
66,67,306.63439796832586,515.5844382170081,,302,311,511,520,76.0,1.6110799697887517,1.5405095120465402,72.95466501577485,0.2927245790949209,-0.02330120934645663,9.783808082574424,0.0,140.04183283190895,,141.88054107176168,,22.172900247068405,1.4,199.81271901760422,-18.827228643996662,40.70265225473142,0.40599215238676545,0.996550462446881,0.001088191384107,22.172900247068405,0.00016575893475541503,0.0,0.0,0.0,0.0
67,68,238.09146674368387,536.5958799104021,,228,257,520,546,489.0,5.488083776502159,2.1965341910226943,-26.945400192173864,0.9164116668642436,-0.1862833354643385,327.4721175495451,0.0,3188.037213471242,,3061.3939063482444,,18.77973625671636,1.4,199.8177156363997,-18.82574493466609,53.28930072977375,1.382997111678544,0.2832134214010279,3.720980260029784e-05,18.77973625671636,0.004847578649561371,0.0,0.0,0.0,0.0
68,69,620.1298523923977,547.2041839724887,,614,625,540,555,138.0,3.1693691706591185,1.9553523510984274,-82.07078437675106,0.7869998654527992,-0.14742968887888708,4.922900263509433,0.0,183.08928450576673,,202.07108439294535,,21.88188739348065,1.8540819608408166,199.7898050127896,-18.825182881114525,79.32162752695909,0.7986810310060979,0.9999999342539881,0.0008361573633593271,21.88188739348065,0.00021572188746256637,0.0,0.0,0.0,0.0
69,70,340.06311828447554,554.6824943900091,,333,347,543,563,230.0,3.8492312442137706,2.258607194314672,84.85504971465308,0.8097548173976358,-0.164223912594764,25.792572961539264,0.0,482.81049801434233,,493.8111066264783,,20.82910295065362,1.4,199.81025859256954,-18.824540635830303,48.388802134471256,0.9700062735418702,0.8979490510157616,0.0003096276669721137,20.82910295065362,0.0005825624253915349,0.0,0.0,0.0,0.0
70,71,697.8527556777632,554.0552720349241,,693,703,547,562,140.0,3.307311095954886,1.8031741463652813,68.59543698509592,0.8383004732087943,-0.054545160328714815,5.8972536771309905,0.0,214.8613533259238,,230.5881071065881,,21.708148945103837,1.6862536383973799,199.78412463889157,-18.824743575594997,96.54167310445486,0.8334423961806313,0.9999999991455293,0.0007128272237306366,21.708148945103837,0.0002530451119635662,0.0,0.0,0.0,0.0
71,72,633.4358455089133,562.0614283792437,,628,639,554,572,159.0,2.88904781503557,1.8254196869649257,-88.44295135588585,0.7750977933264548,-0.1319502193303066,17.333086132580434,0.0,344.97375049588453,,345.8615140027887,,21.194079586495796,1.4,199.78882614187899,-18.824161595875925,84.17506619887615,0.7280400493889636,0.9999445799189354,0.00044008927464300285,21.194079586495796,0.00040986557735568044,0.0,0.0,0.0,0.0
72,73,461.13664671377495,560.3591205853817,,455,466,556,564,80.0,2.74657990345057,1.3829770322709467,25.508136661914733,0.8639795133105943,-0.15411656429252218,4.810659742841295,0.0,85.42809234549453,,90.93333689644794,,22.70954294111918,1.4,199.8014122656706,-18.824202580377225,55.41279513937642,0.6921381356695436,0.9999999527205489,0.0017468466278241503,22.70954294111918,0.00010325889048672397,0.0,0.0,0.0,0.0
73,74,486.05341929713774,567.465792523657,,478,491,564,571,74.0,2.840226624217447,1.5283486793991017,-8.5012235479729,0.8428758960440184,0.10724891727518582,2.173426095306482,0.0,54.776228232860646,,66.59155924006001,,23.192064401203112,1.468879286721235,199.79958890363034,-18.82372239470941,59.96570853964261,0.7157371093027967,0.9999999999998873,0.0026369124953038877,23.192064401203112,6.84047896776376e-05,0.0,0.0,0.0,0.0
74,75,310.5208790973777,585.8262716624017,,301,324,573,596,398.0,2.7287234102179,2.5134527026777054,61.57722069446358,0.38930390129226244,-0.08748641038171456,147.0310412268753,0.0,2594.0900404310455,,2527.9933659706835,,19.003582096487214,1.4,199.81240159207323,-18.822374124827032,57.25991409649891,0.6876382993749108,0.3869984324626522,4.746939535544034e-05,19.003582096487214,0.003799868173777453,0.0,0.0,0.0,0.0
59,60,232.98262709888007,459.01996091326345,,221,242,452,468,253.0,3.537324364364647,1.890445716737314,-32.27729283025255,0.8452139091756466,-0.11182246914022187,53.205431674234816,0.0,1002.0942937678477,,998.8391137785952,,20.036273239402504,1.4,199.81812602968182,-18.831105942852027,40.104705602125094,0.891405739819891,0.5091531258825828,0.00014046619250121837,20.036273239402504,0.0012841342206811254,0.0,0.0,0.0,0.0
60,61,271.8784223948854,484.65373031869535,,263,281,477,492,207.0,2.8782203619681304,2.598815954849502,-41.04776917468891,0.4297989944374392,-0.26497344703437875,19.738229893500986,0.0,593.6238076675758,,600.738575045528,,20.60476643652846,1.4,199.81527256248415,-18.82935135665821,37.88058044185134,0.7253115312159688,0.674592677289725,0.00024849702875039484,20.60476643652846,0.000725873647450243,0.0,0.0,0.0,0.0
61,62,655.5256822695306,514.5379586003584,,622,676,483,541,1597.0,7.632024320277294,4.3277437190976125,64.37553332353914,0.8236829816909479,-70.51798274750045,517.2858230335935,0.0,18762.920238525134,,18478.82746757058,,16.855293631286397,1.4,199.78723482292435,-18.827456979245476,82.5790442515103,1.9232701287098781,0.08323986799536764,4.047341904929107e-06,16.855293631286397,0.04456689078328718,0.0,0.0,0.0,0.0
62,63,677.490127630156,493.4287458267791,,672,681,489,498,74.0,2.0931921623479037,1.9010168802313412,-74.55716550187707,0.4185574331922468,0.037419463576284784,2.812892946224551,0.0,61.63702810183433,,83.93126083610083,,23.063940485839364,2.0881968170310317,199.78564027953863,-18.828926102281716,85.30722388248654,0.5274844249116717,1.0,0.002366776132446913,23.063940485839364,7.621229662017597e-05,0.0,0.0,0.0,0.0
78,79,652.7415530422211,620.0292838761555,,646,660,615,625,75.0,4.588854801282353,1.3146814667454432,24.214699770140395,0.9580818993350959,-0.08523331695140257,2.309206547772021,0.0,56.70118429551705,,97.92928436473208,,23.15456438741567,2.1508656810952873,199.78738890602284,-18.820162439102443,96.99966441713244,1.156391409923153,1.0,0.002555044539053035,23.15456438741567,7.059659504270306e-05,0.0,0.0,0.0,0.0
77,78,572.7746716813725,614.1595556091233,,566,580,609,620,140.0,2.4052706814680365,1.931381442116215,8.147100013990206,0.5960075465815365,-0.031598131321075584,14.069914506326128,0.0,257.202830754624,,274.03403366993246,,21.512855352007733,1.6863450930168875,199.79323257726827,-18.820532800496995,82.0396488345081,0.6061282117299452,0.9999965468217674,0.0005945530135399247,21.512855352007733,0.00030338328211582517,0.0,0.0,0.0,0.0
76,77,554.899003223847,604.5639971736019,,551,558,600,610,72.0,1.958256293741245,1.3651469533798362,-78.73490461651306,0.71695082795019,-0.07663698338987501,7.360684687423316,0.0,108.46183905584549,,111.83744247987104,,22.450352302316787,1.6481911956579738,199.79454275982087,-18.82118825475366,77.37514959394446,0.49348058602279377,0.9999999999958304,0.00139269327479977,22.450352302316787,0.00012951699265262135,0.0,0.0,0.0,0.0
75,76,396.1434568412831,593.6307498445808,,388,404,588,601,165.0,2.972010107117154,2.151148962876713,15.46740717781452,0.6900069856963817,-0.02634375144074852,7.320568660874741,0.0,269.1420986838207,,286.4687627617715,,21.46359062579411,1.5761848174120754,199.80614378923264,-18.82187314113244,58.44741134420154,0.7489465469935228,0.997755007648507,0.0005677598456311356,21.46359062579411,0.00031770024954668125,0.0,0.0,0.0,0.0
79,80,595.6617713537108,628.9284674703681,,589,603,621,637,195.0,2.6631881766289456,2.302879901497993,-69.39349346394712,0.5022750420028486,-0.13272712646167406,19.379011593299623,0.0,424.27454758209655,,432.0185313865803,,20.96942726465866,1.4,199.7915539365778,-18.819521893708945,88.53773653824864,0.6711234205104943,0.999839936426038,0.0003547678831218001,20.96942726465866,0.000508437920175737,0.0,0.0,0.0,0.0
80,81,567.9804036776209,626.8303679458619,,563,572,622,631,72.0,1.65953735110587,1.5206615142482278,11.716566539275826,0.4004547525154167,0.013624906673626924,6.636472060688519,0.0,113.38006620948528,,115.52794279368683,,22.402202946568657,1.4424126384851206,199.7935768078594,-18.81965465290003,83.74345989551001,0.41820341247867926,0.9999999999998319,0.0013347366067881286,22.402202946568657,0.00013514085380010073,0.0,0.0,0.0,0.0
81,82,496.0051861904739,658.3346943963505,,480,515,648,669,534.0,5.440640748122797,2.6486919664190847,6.779246957886069,0.8734941942040354,-0.1890508404294735,63.101358283198095,0.0,2791.5645098940545,,2782.747826258229,,18.92392554134333,1.4,199.79881911600475,-18.817444478804596,81.16207845846046,1.3710414685269448,0.5943627730378913,4.3544059293358826e-05,18.92392554134333,0.004142412250185124,0.0,0.0,0.0,0.0
82,83,377.49723007989724,655.9627514564871,,371,388,649,663,166.0,3.9734627358329404,2.2343712093810644,27.271313466263948,0.8269173815362667,-0.03948977906372875,9.955049356990344,0.0,230.0603698638696,,241.16702719704102,,21.63394017807527,1.5111660684868635,199.80747611959242,-18.817555336723753,73.42282342190316,1.001312609429901,0.9999873983499851,0.0006655108448874394,21.63394017807527,0.0002710360710502095,0.0,0.0,0.0,0.0
87,88,630.8143549049184,686.3205868773537,,623,637,680,692,82.0,4.463039226736714,1.2896675155249837,40.20893894482847,0.9573392979547626,0.016186717900197323,4.724039136717536,0.0,74.06045600553992,,78.19518065647358,,22.864578757826894,1.4114472880394575,199.788959494177,-18.815569583043803,105.08544288152702,1.124685885137652,1.0,0.001996786805979371,22.864578757826894,9.033385241702189e-05,0.0,0.0,0.0,0.0
88,89,103.75084366582644,695.2772717664203,,68,142,683,707,1319.0,12.463067666641173,3.5274325819057277,-6.217954031198993,0.9591108071402705,-0.09925525690306358,30.528012334224968,0.0,4982.011762416243,,5027.209136082383,,18.295032840830643,1.4,199.82745166627703,-18.81471301602404,104.93155352796664,3.140693051993576,0.5298215015011826,2.17362703207956e-05,18.295032840830643,0.008298454241573619,0.0,0.0,0.0,0.0
89,90,684.5244134811162,690.9357699882794,,680,689,687,695,75.0,1.7345897854605823,1.4576252316008207,-0.9755107605626346,0.5420774972173332,0.02973564906942272,10.87517020402035,0.0,122.34782366383538,,125.60568079345197,,22.319554091033698,1.4,199.785034376258,-18.815274247058216,114.90436045072306,0.43711662593606676,1.0,0.0012404430356112272,22.319554091033698,0.00014541372675829178,0.0,0.0,0.0,0.0
90,91,321.9476818261737,710.3641665339184,,308,338,698,719,602.0,4.721244411644927,3.568460977794932,11.10147890505714,0.6547672182239554,0.009217691335152267,68.01262731644445,0.0,3690.4309989781495,,3699.006787697641,,18.620851988199327,1.4,199.8115075326567,-18.81376917086146,87.39839417609504,1.1897535917345214,0.5278602559376473,3.1246515338752844e-05,18.620851988199327,0.005772721939841004,0.0,0.0,0.0,0.0
83,84,321.7105070929085,671.1907565757401,,301,338,650,688,814.0,2.791938499658377,2.707763129635412,67.00405065575633,0.24370039547095634,-0.08518174640988718,539.4285837339331,0.0,12857.286038815742,,12440.297040607536,,17.265671447597065,1.4,199.81154354458528,-18.81647737674716,77.72441879813758,0.703568501913911,0.11812358084758612,6.620105607795657e-06,17.265671447597065,0.02724691346723977,0.0,0.0,0.0,0.0
84,85,471.9632459299826,665.8549796324098,,468,476,661,670,72.0,1.3497950959914886,1.2652965435094843,-88.25157879733295,0.34825731294552775,-0.16189359224183875,18.58690481134427,0.0,145.75475056126407,,147.26974513651504,,22.1294879158526,1.5563079597915965,199.80057159694746,-18.816913805984985,80.6328888316079,0.3401483641898551,0.9999999994823775,0.0010465718362374233,22.1294879158526,0.00017235075356898568,0.0,0.0,0.0,0.0
85,86,590.3863126697662,675.0552650516056,,586,595,671,679,77.0,1.3513194868591107,1.2346966668379544,-5.744846698995045,0.40639592679522,-0.11692142904932723,28.312586082689776,0.0,212.42262158619377,,209.26826983300177,,21.72054280142021,1.4,199.79191762907453,-18.81633050377034,96.68522983124872,0.3405325106884959,0.9999999993656289,0.0007210292116898462,21.72054280142021,0.00025016662531169003,0.0,0.0,0.0,0.0
86,87,460.871906967928,678.7330708957179,,454,466,673,685,119.0,2.9203295693298257,2.0188808701437306,59.512507228560196,0.7225491714437307,-0.1484483708729698,5.151428599840997,0.0,138.12827242487492,,145.99463829934587,,22.187838261959357,1.5310285351138302,199.80137562096058,-18.816018496166738,82.78335281959147,0.735923051471116,0.9999999999517847,0.0011028648128377778,22.187838261959357,0.00016355354032509967,0.0,0.0,0.0,0.0
94,95,715.253683732875,61.16544258293843,,692,721,31,89,1047.0,9.732420530940443,5.17628407844866,-86.87241513495175,0.8468323690009053,0.010538038763684199,31.71344900411478,0.0,3118.1106352679476,,3785.8636704251435,,18.80381591085981,1.4881100415005042,199.7830830008414,-18.858827964774456,115.54657909893817,2.4525699737969915,0.7991854788088528,3.8202898746653906e-05,18.80381591085981,0.004721564346092868,0.0,0.0,0.0,0.0
93,94,712.7543951396036,714.9096513836465,,707,718,710,719,95.0,2.3445554954220555,1.6892312200393054,4.844536335462077,0.6934642497647951,0.03152525966221731,5.506206656605741,0.0,132.3250647502434,,144.03216477926833,,22.23443942429476,1.5186462024245808,199.78296131492291,-18.8136292208062,124.08737333552124,0.590827984846358,1.0,0.0011498310225307024,22.23443942429476,0.00015687300229784906,0.0,0.0,0.0,0.0
92,93,668.8325465201723,713.7380304388016,,661,676,705,719,187.0,1.5529042335745114,1.5233560597425408,32.71372641023711,0.1941476725861039,0.005278842371808423,232.89680631199099,0.0,1902.1806230014906,,1848.2250726604143,,19.340415328931208,1.4,199.78616986289092,-18.813690849009753,116.41643798280008,0.39133186686077687,0.9449543373592022,6.809347093327534e-05,19.340415328931208,0.0026489682809141646,0.0,0.0,0.0,0.0
91,92,531.7206068845287,715.6019633127022,,514,540,704,720,196.0,3.2763311574621583,2.323297823412577,-11.012828190932627,0.705092150562086,0.04299291944533934,22.509328529650645,0.0,493.0987975286845,,528.9123150044741,,20.80620985357986,1.5992877394187737,199.7961834844175,-18.81350115113512,97.84046253401507,0.8256354516804639,0.9998894212897739,0.0003027961110602199,20.80620985357986,0.0005957059488248303,0.0,0.0,0.0,0.0
95,96,697.9653440770874,89.99533477852202,,691,706,71,101,262.0,5.7437121094878405,2.0536910928870244,88.49179576668935,0.9338922086291148,-0.17421627734603362,31.080743373117713,0.0,452.81211370578865,,573.6289968742766,,20.89874962059679,2.079352665486742,199.78433262629494,-18.856827144976595,107.65731946013166,1.4474154515909359,0.9999942901311257,0.0003313116176591067,20.89874962059679,0.0005444344086514679,0.0,0.0,0.0,0.0
96,97,339.992677708989,298.1108886789915,,311,351,270,312,830.0,3.6693935561413937,2.627985170402985,41.77762311735288,0.6979047394399849,-0.011982896429515222,581.4349276755058,0.0,11054.835091519337,,10664.809575511174,,17.42966404109696,1.4,199.8103860292798,-18.84227907383251,16.61743878974796,0.9246871761476312,0.007058342062884804,8.035309493531267e-06,17.42966404109696,0.022448101692263103,0.0,0.0,0.0,0.0
101,102,295.1609987783435,447.55917701341417,,281,313,434,456,458.0,5.912615112524961,2.91721357018445,7.302768424589769,0.8698093146761109,-0.1511169527869214,14.023914667827768,0.0,783.5990489691378,,808.1534624826257,,20.303309961651525,1.439808966286435,199.81358960220192,-18.831926485271495,27.01385329429368,1.48997900835629,0.34800237064633,0.00018406306095997978,20.303309961651525,0.0009799763390809623,0.0,0.0,0.0,0.0
102,103,199.29157750538144,459.6108241954543,,182,215,442,480,858.0,2.905901160207263,2.640486282428868,-75.04255081254426,0.4175292403760368,-0.0707255533715454,550.4377203998346,0.0,11506.534278785773,,11080.635621656143,,17.386183373238772,1.4,199.8205867543558,-18.831049775474984,47.128008435394726,0.7322870923722303,0.05194724043077459,7.634213095021584e-06,17.386183373238772,0.023627509789741732,0.0,0.0,0.0,0.0
103,104,185.64362587887487,490.62840742337386,,170,202,474,499,590.0,5.062795752217966,4.211882114684762,3.043188877791631,0.5548834250950122,0.006535941062082884,39.633289222160855,0.0,1483.3420713553353,,1684.3321045146115,,19.610441425742692,1.750855828771753,199.82156875978038,-18.828899114402287,54.252238160380536,1.2758245295589274,0.5678099553920493,9.049132837252729e-05,19.610441425742692,0.0019933119325758366,0.0,0.0,0.0,0.0
104,105,127.08898354907063,504.17672256025696,,85,260,431,526,5072.0,14.945429896181714,8.938394581924918,5.658942589045416,0.8014448014785637,-70.3054317896165,640.4940790823811,0.0,54739.68782372002,,50961.107929783735,,15.692788921401482,1.4,199.8258393625642,-18.827935711306736,68.24617803713605,3.766248333837792,0.013956881881668437,9.488025799809935e-07,15.692788921401482,0.19011061778859237,0.0,0.0,0.0,0.0
105,106,91.87272470722017,514.6768249420371,,39,108,490,552,2027.0,10.759963619105214,6.713829908469607,-16.77163263768244,0.7814530890066943,-70.31791774487708,269.74857894176387,0.0,10285.869974741086,,6302.222600405728,,17.507942137141683,1.4,199.82840665016502,-18.827193654136735,77.12564871704413,2.711510832014514,0.15249089343425348,8.808692767962724e-06,17.507942137141683,0.020477209205846187,0.0,0.0,0.0,0.0
106,107,124.9911670683377,521.9074250959029,,89,182,514,614,3237.0,9.977194374317934,7.710243681572398,34.46063149485503,0.6346657613713298,-70.30219627385503,632.9487204070534,0.0,45081.86036240605,,39457.74066788172,,15.903540138537696,1.4,199.8259840323809,-18.826708913793762,71.07563107024875,2.5142529823281192,0.019618447691915897,1.2419704951350136e-06,15.903540138537696,0.14523488709769092,0.0,0.0,0.0,0.0
107,108,535.5057305241894,490.9870879545026,,523,546,482,500,322.0,4.514684277619821,3.4674993212513074,-19.520882634935305,0.6403909254857875,-0.0038302146160447137,3.758289986958488,0.0,366.26923329900006,,421.3226606336473,,21.129043613836043,1.592119018833461,199.79601274739395,-18.82903193656916,54.058915683762066,1.137700437960195,0.9777462023168786,0.0004135945054635426,21.129043613836043,0.0004361214722556242,0.0,0.0,0.0,0.0
108,109,512.9606043892845,503.47577039090123,,500,528,490,516,545.0,3.6799468569847895,3.132229454393475,-24.3629508399064,0.524903734821995,-0.08868132025347109,75.1357803304247,0.0,3196.3255159235287,,3154.536851479208,,18.776917207898062,1.4,199.79765368072208,-18.828158459983516,51.740507388204605,0.927346607960167,0.26838681076292625,3.709515594189299e-05,18.776917207898062,0.004862560624415378,0.0,0.0,0.0,0.0
109,110,292.97292409976956,638.4641120807055,,284,300,628,653,288.0,6.314906103540681,3.5089412565219997,77.11958613660877,0.8314095687130761,-0.12775720575247362,2.40542230140413,0.0,208.64580506804185,,255.56778702147142,,21.740020568683214,2.07790441677782,199.81365818044927,-18.818726993340317,71.01485668090683,1.5913563380922515,0.9999913361903213,0.0007340973211660275,21.740020568683214,0.0002457132582272451,0.0,0.0,0.0,0.0
110,111,283.9045066647607,655.6900199505242,,278,291,649,662,161.0,2.636654756850253,2.180632313495777,-53.32173479261835,0.5621356197395084,-0.18300773402378923,12.600632180998389,0.0,271.07554738978865,,418.1595060981236,,21.455818853662464,2.4666611576141495,199.8143123086893,-18.81753195034443,75.72661989453344,0.6644369987262638,0.9999612817338968,0.0005636376228077226,21.455818853662464,0.00032002378361660635,0.0,0.0,0.0,0.0
