w,f_nu,sf_nu
4658.35890975,-0.6011887544912636,6.464833018542048
4666.26116675,0.38199855232201607,3.4622999313297056
4674.18077775,0.5227645752635679,3.4616186446494743
4682.102500000001,-0.07513509461609696,3.505975356609319
4690.0265,-0.576941593826001,3.450295261408354
4697.9521665,0.1615408862922789,3.348904352990531
4705.88022225,0.30557666490615015,3.584131546603646
4713.81000025,1.9228972160855902,3.746643162566035
4721.741888999999,0.9491162610247464,3.473988618095573
4729.6759445,-0.14177365828139632,3.29797241691354
4737.6116665,-0.4669537163691903,3.4176826899096135
4745.5493335,-0.5608227223093756,3.5305746290968085
4753.489,0.489364927543185,3.218265456265289
4761.430667,2.208684170001371,3.277445617062363
4769.3742222500005,-0.1755191649839371,3.168810447212973
4777.31983325,0.09379042762828367,3.1220907304031122
4785.2668335,-0.46925332123049096,3.0205294356734367
4793.21633325,0.029332456384389898,3.05741523336207
4800.551500250001,-0.33050603398693146,4.360208252187752
4805.938555499999,0.5969132232811638,3.4939002223219595
4811.2363055000005,0.2920982064488997,2.8001817356522807
4816.53511125,-0.24120451696687803,2.8014004879616405
4821.834611,0.05707969021664414,2.801771329530095
4827.13505575,0.4065381245181825,2.807915028277626
4832.4365,0.5073518323032202,2.767193055180708
4837.73877775,0.18966225282734403,2.7132553380135676
4843.04186125,0.5233509854821207,2.7460034721677085
4848.34558325,-0.43126949389359376,2.6811981898443595
4853.650416750001,0.46405860830407913,2.6329658384794894
4858.9558335,-0.7451967781723153,2.6378194013085023
4864.26225,0.3953340006448257,2.6629995040441337
4869.56947225,0.332543787012091,2.6034201918683992
4874.8775555,-0.1847575904246298,2.5582673885118856
4880.1864722499995,-0.11407919463086248,2.565252614224599
4885.49602775,-0.8031590839416798,2.591816178470304
4890.8065555,0.113618783157525,2.6229263118882713
4896.1179999999995,0.7618766679559943,2.5828082822536307
4901.4297225,-0.11689760199213407,2.542257394618308
4906.742749999999,0.0931386917044764,2.47970975103179
4912.05652775,-0.2799008674625462,2.4988863729166466
4917.3709165,0.03040790220840094,2.397021861486375
4922.6861392499995,-0.01556016510127011,2.601457524866114
4928.0021667500005,0.47966093653860437,2.5527034574521656
4933.31891675,0.3621307802414893,2.453591803313042
4938.636639,-0.17036092856673773,2.5914346071653074
4943.954861,-0.35802745367962263,3.177873284843871
4949.27413875,-0.24575588610050741,2.3732979491802393
4954.594027749999,-0.2290071117907664,2.3916064065893665
4959.9148335,-0.038280646155509246,2.34117128612694
4965.23611125,-0.6380441660642433,2.3337182363981475
4970.558360999999,-0.02414666451384242,2.328381271363789
4975.88147225,0.24437917352522037,2.319558084770516
4981.20502775,0.12569971691560072,2.2808860237817816
4986.5291945,0.2845956561050872,2.3012746889511684
4991.85472225,0.36256736439520704,2.3113669480194443
4997.1805,-0.061723060807029176,2.2697801817758965
5002.506972249999,-0.21999742566766134,2.992732955809901
5007.8345835,-0.3658543760143892,2.6678676628432383
5013.162361,0.16912828971138608,2.138414503184793
5018.4913055,0.4203387509675578,2.163503335336316
5023.82086125,-0.14316079431620696,2.3521768909122285
5029.151083250001,-0.09381522526684365,2.1317232054226363
5034.4819445,0.7772025161379248,2.154295212391337
5039.8136665,-0.12793373528262217,2.077398160438579
5045.146138749999,-0.5029695856037726,2.193784543825638
5050.479111,-0.001680395196686099,2.1056415355740294
5055.812639,0.23016773682804223,2.063281742360361
5061.147139000001,0.8098726157060097,2.056722709375248
5066.482416749999,-0.526819111753496,1.9995408576655078
5071.8180555,-0.2768030473827598,2.047128426912501
5077.15447225,0.9442167621846455,2.0694522916853275
5082.491611,-0.29830434391927996,1.992443817624919
5087.82952775,0.16658380777472448,1.9630855875383495
5093.167861,-0.36618522059728836,1.9303680606356468
5098.507111250001,0.18358507591420925,1.9359998972603645
5103.8468885,0.2692749935613371,1.899153344795662
5109.18755575,-0.7869863765473311,1.9609028237147716
5114.528611,0.49000235100202294,1.9045588419172248
5119.8703335,-0.6734645004854217,1.8712253443816274
5125.21269425,0.6013575642427752,1.8696343140366936
5130.55572225,-0.1773834535630934,1.9271819934445418
5135.899332999999,0.1437246690591878,1.858038383138903
5141.2436945,0.0914311767385035,1.8446702793856982
5146.588610999999,-0.17924482055382904,1.8138957373630304
5151.93425,-0.18269399387345733,1.7832474328094217
5157.28024975,-0.1581208936809974,1.785952094275157
5162.6271664999995,0.5692070691207713,1.8234185064688824
5167.974611,-0.33027202541969103,1.7318067220014106
5173.3226665,0.17658125286167398,1.7349911547287253
5178.671083499999,1.3647159767344894,1.752133217483261
5184.0205000000005,0.47931693964337996,1.720166931747097
5189.37030575,-0.11185748446157052,1.7055066281707358
5194.72074975,0.2534981478433687,2.0364238694261565
5200.07172225,-0.08169701395198208,1.7027615008396553
5205.4233887499995,0.39434515039950874,1.6727808551498762
5210.7754724999995,-0.5306037656739623,1.666146543360865
5216.1281945,0.2666867143675669,1.6665083520757014
5221.48152775,0.48895209931117,1.645421804675346
5226.83555575,0.026062908524340116,1.6106831903516794
5232.1900000000005,-0.21071133355219127,1.7265773421328037
5237.54497225,0.3569984368419313,1.602581218210838
5242.9007775,0.25201024227450225,2.1460068111459796
5248.2569165,-0.4236243560042708,1.5597360458965466
5253.613611250001,-0.4076186064671735,1.566051812683961
5258.97086125,0.15152562371575615,1.5842153870677764
5264.32874975,0.1514416576874918,1.530501330995244
5269.68722225,-0.00516408904738194,1.5078213724355742
5275.0459445,-0.007912724663431552,1.5538642063402608
5280.4054165,0.6457912386422509,1.541979461836183
5285.765388499999,0.8794626267219795,1.625352804269267
5291.1258055,0.04895688621390644,1.5598966663177747
5296.486889,1.2637162345680395,1.5363205529949435
5301.848389,0.5540016039170969,1.4697896491837945
5307.21024975,0.20918688766994256,1.4702037794660583
5312.57297225,-0.39401285849376344,1.447946064595593
5317.9359165,0.21069359289982523,1.5311014250990993
5323.29972225,0.8971014225693674,1.4539881840020707
5328.66358325,0.03580202390324929,1.5182710136748307
5334.0283335,-0.017272738482089066,1.4172661545180076
5339.39327775,0.36174580387345845,1.4920587967335865
5344.7588055,0.18659651625893772,1.5055882829819203
5350.124750000001,0.40764677266691784,1.5635132277332506
5355.4914445,-0.02013863047145566,1.355458985841253
5360.85841675,0.23598901879820436,1.4081932320060617
5366.22580575,-0.0388539865878471,1.4898750864461048
5371.5937225,0.17721408969385746,1.3503160216605004
5376.96227775,0.26270011065996857,1.3473747874662578
5382.3309165,-0.3767914548957128,1.31081004953782
5387.70025,0.21439402469964072,1.3424740442409475
5393.07011125,0.11001815566638255,1.3201693591096124
5398.44013875,0.3952116321283243,1.2914005477822468
5403.8110555,-0.2842022826975656,1.3218048245314504
5409.1822222499995,0.03018228429068634,1.8483172187454093
5414.55369425,0.5797125438172495,1.307311439589228
5419.92558325,0.09636962846038241,1.3421197773481017
5425.298083500001,0.22102943238897874,1.2859961189512232
5430.6708055,0.5216105049450174,1.2549000902833474
5436.0440555000005,-0.18304463838184218,1.2433137028698795
5441.417944500001,-0.007308614611424771,1.3235999826352605
5446.7920834999995,0.09309685186767752,1.4167396285417362
5452.1666945,0.1545836434917269,1.3337920977735498
5457.541611000001,-0.1264492885464016,1.2195861257523888
5462.91675025,-0.021054198321326937,1.21444896440004
5468.292472,-0.2392586403666712,1.1965425594575005
5473.66875,0.3306241079637847,1.348555597925284
5479.0453055,0.14940247064871345,1.2628614333687997
5484.4221667500005,0.03983193777920595,1.178654128617687
5489.79938875,0.1591628176575005,1.1669929378033126
5495.17725,0.46228303739234416,1.1772126438094943
5500.555388749999,-0.1578947991273923,1.1549936432813417
5505.9335835,-0.16485241687316154,1.1556859741384113
5511.3124165,0.250206313576465,1.1702299744110836
5516.69172225,-0.10357220167218273,1.1476439499181825
5522.07099975,-0.19852140202941404,1.2714829184417524
5527.4511944999995,-0.12950577187522624,1.122595674718541
5532.83141675,0.16572673265352084,1.1654990305035655
5538.2119165,-0.05100156177210068,1.2723022503658998
5543.5929445,0.1636811865576383,1.1784174105965055
5548.974388750001,0.029117740887716858,1.110659508023098
5554.355861,0.1430670028031,1.1123002816385592
5559.73797225,0.26975348394133414,1.1405429912997813
5565.120166999999,-0.31314827374281323,1.1304329848843657
5570.5028055,0.6582501085072405,1.4184024470365548
5575.8857499999995,0.8117384378011411,2.4324930119575416
5581.2689445,-0.6743828225685806,1.9225404529217156
5586.65280575,0.20025101584871402,1.1065859683961234
5592.03663875,-0.01929704981515856,1.0832424990833598
5597.420778,0.41620842664529745,1.0694440250750354
5602.805305500001,-0.07803550052004352,1.0799579248421318
5608.1901945,-0.0055078733327429494,1.0709666275994891
5613.57547225,0.3699205211772974,1.0969902789334574
5618.96086125,-0.09222981408333979,1.0498348863143279
5624.346583250001,0.262896142953607,1.0538004333444404
5629.732639000001,-0.011100537615375555,1.0506923151467609
5635.1189445,0.4550400481889844,1.0282888239801353
5640.50538875,-0.009683850657104812,1.0101184823779523
5645.892249999999,-0.015763006193899618,1.0313205974888995
5651.279333499999,0.21606986787524396,1.018402031021996
5656.666861,-0.02041276434966548,1.0010793204005237
5662.054389000001,0.5228675591435531,1.0200435483752055
5667.442222250001,0.18685290593362916,1.0002898182470443
5672.83030575,0.2062619631318984,0.9948396090635708
5678.2189165,0.36932076656747853,1.0205793285795246
5683.60758325,-0.012283784661734605,1.0022598511502139
5688.9966110000005,0.10747112315205655,1.0544423180380962
5694.38575,0.17673598839685417,1.1322622463496748
5699.775138749999,0.32458443901726236,1.0005739993510183
5705.16491675,0.3641757366400214,0.9851772033305669
5710.554611,0.046366054714422504,0.9905203383684016
5715.94475,0.22382201132832533,1.0145962117900802
5721.335222250001,0.2455086815802449,0.989814354323022
5726.72586075,0.06670275470039462,1.03478152095073
5732.116360999999,0.29849464794940317,1.0645140047257446
5737.50730575,0.039914444679894766,0.9955277416206215
5742.898638750001,0.12824690691057583,1.126911594199857
5748.290111,0.0024799278633710216,0.9964625702565137
5753.68180575,0.19498449102380716,0.9595732583175014
5759.07347225,0.09049773611951088,0.9365907207258546
5764.46538875,0.16024719856473493,0.9358513984310554
5769.85766675,0.5282814336719643,1.0096452351559198
5775.25008325,0.20415350091742784,1.007027473326484
5780.64252775,0.45270767560467523,0.938603510857582
5786.035249750001,0.230656938153921,0.9393505202208884
5791.42816675,-0.1186202410541783,1.040731089220684
5796.82116675,1.277242342530623,0.9934075973026135
5802.21441675,1.8334389927993449,0.9548863132908282
5807.607722,0.20447873074909534,0.9245701289111776
5813.00147225,0.1475433654923804,0.9349391374468468
5818.395139,0.281208565741322,0.9138078570907392
5823.7889165,0.34429289061474705,0.9167190643723965
5829.183000000001,-0.030347577695836462,0.9659653815602846
5834.577278,0.0065008995707476255,0.9274995230369714
5839.971361,0.21464212856309214,1.0047253843578055
5845.366111000001,-0.2114772072781594,0.9122412110236527
5850.7605002499995,0.20313266329487045,0.9081879823954894
5856.155110999999,0.13612919524104358,0.9573943422446253
5861.550111250001,0.3649028006070962,1.0427922684434572
5866.94483325,0.4228680773338367,1.0214910581101853
5872.339916749999,0.39209986888848286,0.9546416829843025
5877.73511125,-0.17997438900980112,1.0013686270534126
5883.13047225,0.4904918049999991,1.0182164232546762
5888.52577775,0.9782728823466802,1.3895395885897883
5893.9213335,0.4766786913977645,1.3596133516902267
5899.316972,-0.028383209298480063,1.1212238323491603
5904.7126665,0.05628881068821749,0.9463556296956565
5910.108499999999,0.33281608633225124,0.9346871516117284
5915.5041945,3.583914693702166,1.129778215227438
5920.90011125,0.8551363512146883,0.9634791537719218
5926.296111250001,0.35168719513131014,1.0229622211481013
5931.692,0.053752892119327336,0.9991524210368198
5937.08847225,0.007877728646240213,0.9957096274729134
5942.484694249999,-0.0606333651227187,0.94675215575299
5947.8809445,0.36699833669534027,0.9835496420487099
5953.27747225,0.2242635814777372,0.9904777815054568
5958.67375,0.5057747154202497,0.9390970992263237
5964.0702222499995,0.1777661047110913,0.8905509363826287
5969.4667775,4.4183225561107715,1.0353349441938016
5974.863333249999,10.572517008260569,1.1501541480872413
5980.259778,0.5265943540647479,0.9001939164688424
5985.656527749999,0.3489680037964147,0.8800088684777054
5991.0531115,-0.055941592138717744,0.8710905061600333
5996.4501390000005,-0.04134965607288229,0.8654342085391795
6001.84672225,-0.09654612650630644,0.918780281680737
6007.243639,0.38432141005725917,0.9088173661991408
6012.6404167499995,0.18866233458803147,0.9251629472415324
6018.037166749999,0.38331779069113336,0.8638542993333191
6023.433889,0.08595649765574581,0.8457381129781989
6034.845,0.16442569014296007,0.774629045582996
6051.02033325,0.11511124645364633,0.8027253764632261
6063.99822225,0.0903379133552348,0.9971208175737172
6070.81316675,0.38877957625267656,0.9917106218593964
6076.385555750001,0.2752011076328546,0.8333931953791089
6081.67163875,0.046635529170739126,0.8215502347829414
6086.964861,0.01103034223110976,0.8756299687105067
6092.25941675,0.14088936476527475,0.7943287911546598
6097.555333249999,0.20686485808393593,0.7908736211038725
6102.852472250001,0.23859384055067287,0.781253510181154
6108.141278,0.24339444328978066,0.7854394376646443
6113.43813875,0.33251706683531757,0.7788547661650189
6118.739389,0.05451139964183408,0.7779582223798519
6124.0418055,0.06899235720135599,0.7777746741797472
6129.345639249999,0.17848167204841658,0.7632386333936325
6134.650666500001,0.1099357626201597,0.7745089025700602
6139.956888999999,0.03734790677207658,0.7765723847507034
6145.264638749999,0.2337336880783782,0.7753332525585653
6150.57347225,0.30940751694026475,0.7795441630414846
6155.88327775,0.11891431903010063,0.9092537075347025
6161.19458325,0.3055387833124079,0.7727738062808229
6166.5071945,0.09246666336367446,0.7772146498777988
6172.02491675,-0.012770284602893702,0.7952520018627884
6179.496166499999,0.16807174223218901,0.7696654054096266
6187.4183335,0.14283482965539313,0.7548472758989977
6195.3376665,-0.04125741967948592,0.7682394004243763
6203.2653332499995,0.24346132500716045,0.7325018671330501
6210.903611000001,0.31277284913625664,0.7361083108901535
6216.54480575,-0.14840445989261664,0.700288580557342
6221.8175555,0.20153341342439032,0.7008313960345208
6227.09211125,-0.08022625614327016,0.7116240302075559
6232.3690555,0.09040352056407178,0.714288224822254
6237.6476945,0.3986637282952342,0.7355827609816273
6242.92852775,-0.045793822955849973,0.7792750127838287
6248.211056,0.1735884017283338,0.7609305539377994
6253.495667,0.08133197855465782,0.7111819520128221
6258.778694500001,0.19508243684248486,0.7293378378067916
6264.06580525,0.27777191839598436,0.7490581642031894
6269.3567219999995,0.16539119730423474,0.7509796101138775
6274.6494167500005,0.2628206282326685,0.7229619280054167
6279.9440832499995,0.3336107034252931,0.7060944205975003
6285.2403890000005,0.1166840578472956,0.7106131597470393
6290.539000250001,0.17624527318980324,0.7229653043091928
6295.839527749999,0.2298918716002439,0.7630559102647924
6301.141777999999,0.28421526101447064,0.8901592838273583
6306.446250000001,0.2826045463901824,1.0897239268562635
6311.7521945,0.15637353699505757,0.8885750996402816
6317.060305749999,0.23260894060613824,0.7118698794630198
6322.370333250001,0.2778001910463117,0.6792671338063043
6327.681889,0.2654456336895645,0.6918281169871415
6332.995694499999,0.20622489337481284,0.7175395495399344
6338.3111665,0.09772433488321364,0.7167344602301928
6343.628361,0.30779296695820374,0.6690772105552405
6348.94566675,0.05220280728373244,0.6792415497632848
6354.26258325,0.11080959800490955,0.6701775261895226
6359.58530575,0.19794333619747742,0.6964273213736091
6364.90986125,0.1782413586514527,0.7905659654667636
6370.2363055,-0.0006429598715289183,0.7799780041510579
6375.564555500001,0.1239599627909442,0.6617977340799548
6380.894555749999,0.21105387170069292,0.6472861985363593
6386.226416750001,0.3271090640255257,0.6597957831248907
6391.5598055,0.15469789263819222,0.667711670492968
6396.8949999999995,-0.06800877071036934,0.6347712758425944
6402.23222225,0.18833612316067536,0.6276617476587081
6407.570861,0.3345376721099929,0.6236760040073309
6412.911417,0.11962064503887801,0.6240644718384355
6418.2535554999995,0.21057819388114787,0.6234213805146936
6423.597500000001,0.4075781443309807,0.6431786132405818
6428.9426942499995,0.2620494674769819,0.6453523910349872
6434.288416750001,0.23448653412546963,0.6024425825220031
6439.6373057499995,0.29311155882231876,0.6197324499356742
6444.98780575,0.4931185739400321,0.6196889075433529
6450.3400277499995,0.20408421714866298,0.6333480618550993
6455.693888999999,-0.023389455106178753,0.6308549614968154
6461.049499999999,0.2671450388312673,0.6242087166123864
6466.40680575,0.23955319337164038,0.6571498518605436
6471.76552775,0.19063307877800084,0.6748997766997636
6477.12563875,0.1750657244790749,0.6437968548888761
6482.48752775,0.24456581942805103,0.616022716682291
6487.85122225,0.20119960691329103,0.5980528441361921
6493.2163055,0.3030722608694001,0.6801546272063278
6498.583111,0.14787760613078446,0.654197287803156
6503.9511944999995,0.10681434949337892,0.675808886259628
6509.32108325,0.3913927045469159,0.627493277967742
6514.6921944999995,0.21631683969339643,0.6155403265620992
6520.0650835,0.10493364397702297,0.6470080865623804
6525.4394999999995,0.16944905524967646,0.6249943045786998
6530.8154165000005,0.03546085140197176,0.6252776004480078
6536.19291675,0.2969439695777096,0.661613252432831
6541.57172225,0.12860805755999746,0.6223787824372685
6546.9520277500005,0.26239328896441766,0.6433121393245593
6552.33383325,0.47402276482574973,0.6765207072618857
6557.717138999999,0.020297426278104134,0.7312452636692954
6563.102028,0.5000795817470529,0.8151347470611889
6568.4876942500005,0.28585373068597136,0.7427879509140186
6573.874583249999,0.2980351723781669,0.6112423892026712
6579.26380575,0.10746143046586215,0.7610016382537139
6584.654361249999,0.002422478608317711,0.638702755461674
6590.04627775,0.43013310293412893,0.5996947083847974
6595.439639,0.29444367384236664,0.5996972792856975
6600.834389,0.01631410286011267,0.6039124802626566
6606.23052775,0.16912168749287879,0.6127249258941483
6611.62797225,0.18849964488183601,0.5720240625576815
6617.0239725,0.2705229985657041,0.5767554710951358
6622.424000000001,-0.031488813679303444,0.5714799100497047
6627.825778,0.14107006553460585,0.5750500879673442
6633.228666500001,0.2607686838983281,0.5825191537315122
6638.63283325,0.009775930772650203,0.5844242524311408
6644.03852775,0.0837461531835214,0.5585408273642066
6649.445444500001,0.23170009537038422,0.5666402077740396
6654.8536110000005,0.35782868373371474,0.5596959130957218
6660.26291675,0.08570930283333075,0.5571659556649236
6665.673749999999,-0.03275363866312275,0.5600353488609733
6671.0856942499995,0.2650525986923123,0.6026588000790337
6676.4990555,0.1705826368046109,0.5610380774225303
6681.9135835,0.18042815197341297,0.5490287926124531
6687.32933325,0.14622493845904905,0.5645751959529567
6692.74641675,0.36848941051974454,0.5589534251411512
6698.164611,0.23959742028907074,0.5654708635616826
6703.5843335,0.042645734473205764,0.5517713483158891
6709.00475,0.24318868281260714,0.5547284369945241
6714.4263335,0.37535446028722264,0.6004017158240129
6719.84961125,0.25967822989530975,0.633153967149034
6725.27391675,0.10805970145035765,0.5562528715496945
6730.699027750001,0.09844959526023368,0.5724885520236306
6736.12572225,0.21432004651392603,0.5550601628377084
6741.553527749999,0.12465308454154649,0.5576226308482133
6746.9822775,0.15537461488824122,0.5444375095839619
6752.4125,0.18326694921973122,0.5500289807910025
6757.84344425,0.029590782752505748,0.537851511986665
6763.27544425,0.25282256414900556,0.5367329964002199
6768.70900025,0.1467108025656453,0.5384744925417201
6774.14316675,0.23966815648855938,0.5363928707488643
6779.57883325,0.07822897081926512,0.5424667437555412
6785.01527775,0.14453925840183665,0.5378088900269136
6790.45297225,0.1554990787363694,0.5435161913794712
6795.8915555,0.2645101540250445,0.5328716498384561
6801.33133325,0.16691445234648505,0.5431759656784969
6806.7720835,0.1713157487147579,0.5372838975253548
6812.213972,0.26763981920490787,0.5398073797121543
6817.65672225,0.21709759620228095,0.5400501353126907
6823.100611,0.3842644270000033,0.5836564351907506
6828.545472000001,0.2700522769573736,0.7214225909849031
6833.991278,0.02371839594976389,0.7124476471412657
6839.43786125,0.17421226086137656,0.6113032557005446
6844.885722499999,0.17351313582549535,0.5564454132913094
6850.33441675,0.2639127000092683,0.5413262721275517
6855.7843055,0.019362455012555145,0.5559454694293166
6861.234722000001,0.2258489674179746,0.7564939339726006
6866.68652775,0.04038165080748187,0.7153096314408084
6872.1390555,0.11121612303616768,0.5389492364553665
6877.59225,0.10046643121519722,0.5391343470158285
6883.046611,0.05819468874843461,0.5504198259627909
6888.50197225,-0.09204039342027451,0.5875390204231453
6893.9580000000005,0.17260151667454404,0.5402764352026141
6899.41511125,0.13393337449709983,0.5845592391358305
6904.873055499999,0.21529256893860946,0.554711342905167
6910.331666499999,0.1185484283639885,0.5919058915694744
6915.791389,0.2078375546840461,0.5973883888039997
6921.251666499999,0.14125398874496914,0.6697180772933846
6926.71297225,0.08154132140643729,0.6229228817354378
6932.17502775,0.07004863052812972,0.5305742953045982
6937.6380555000005,-0.03620336978554626,0.5884452377227203
6943.101527749999,0.047476217550202315,0.592065818864843
6948.56633325,0.04662492613183442,0.6782759115862543
6954.0314445,-0.07045071207095817,0.5761876211046653
6959.49766675,0.025405375270322526,0.5285852880170284
6964.9645,0.08754155417420134,0.5472965279217976
6970.432166749999,0.08476181982210322,0.5930086017764353
6975.9005,0.23735662500133292,0.7314268779319585
6981.36955525,-0.01971252131539549,0.5847506065249382
6986.839277749999,-0.004518597593349879,0.5364918710158381
6992.30963875,0.12574040498561634,0.5213904990129902
6997.781333000001,0.0069420675965712044,0.5328649415744561
7003.253166500001,-0.026707424890062184,0.5433918025870845
7008.7259165,0.44564220263572124,0.5691881979615173
7014.19922225,0.29847528336292095,0.5668773869725743
7019.673278,-0.06907496810254099,0.5191511879878065
7025.1478055,0.07482108344441586,0.520948995731252
7030.622944500001,0.135324888779561,0.5330967976198789
7036.099361250001,0.07435271340805395,0.524597406594193
7041.57597225,0.1345064106860135,0.5470395983326034
7047.053194499999,-0.013914690750674311,0.5747264233269587
7052.531,0.12571732332501107,0.5633844944650692
7058.0095,0.07905374476846369,0.5438216357141136
7063.488611249999,-0.02400675683391227,0.5452487838967424
7068.96819425,-0.028419446263808254,0.5457200414528341
7074.448833500001,0.0315936848008008,0.553035557853912
7079.92963875,0.12046781727639114,0.556442603602817
7085.41091675,0.0839389713987324,0.5558811282954458
7090.892889,-0.11656437198043933,0.5493200853653726
7096.375444249999,0.1393377304242825,0.5393352838574623
7101.85874975,-0.038947019593044065,0.5271306658311244
7107.34225025,0.04781118432164821,0.5267655153675866
7112.826333499999,-0.006117466422127942,0.5363119528144163
7118.310833500001,0.06874808913114294,0.5292800027392112
7123.79597225,0.036014027110500876,0.5439768560262965
7129.281722500001,0.025176605813382224,0.552105163846998
7134.767610999999,0.0069193683456374765,0.5451443453661134
7140.25411125,-0.055142505325242584,0.5866703400023301
7145.74138875,0.10317326756905118,0.5722433111269
7151.228833500001,-0.12192554002610864,0.5372570665438673
7156.71675,-0.048776759408372235,0.5447022878589939
7162.205110999999,0.043846663912137394,0.5542646090825017
7167.6939165,-0.16323115740545655,0.5377631201452207
7173.183138750001,-0.12323312319545286,0.5437361201715802
7178.672916500001,0.07039169307632466,0.5432794773326595
7184.162639,-0.13282120459230112,0.5161347652206335
7189.6530555,0.07224521089254708,0.5161049582437149
7195.14380575,-0.006087195516661632,0.5182318793050088
7200.63508325,-0.042199820504855094,0.5064843211002792
7206.126611,0.044039655338936126,0.49941921831263547
7211.618278,-0.05004842928697513,0.5243375303982056
7217.110638749999,0.08604594004007307,0.5177090153143012
7222.6031665,0.05616075426922983,0.5283287068937229
7228.0959445,-0.04104099695199974,0.5281741040860858
7233.589388750001,-0.05131380373297807,0.5944285274271773
7239.0825835,0.41677151302985527,0.918059761532054
7244.5765,-0.023327725504715964,0.9301766419357004
7250.0704722499995,-0.09454831271795971,0.6709555042994017
7255.565139,-0.03687575821881602,0.5911535240173529
7261.059833249999,-0.046076607477649204,0.5295292561648922
7266.5542777499995,-0.09643181487556562,0.5427041636261855
7272.049361,0.1982268656997864,0.8172062398849258
7277.5448612499995,-0.36997934547753125,0.9425043849218715
7283.0405277499995,-0.006369526183553349,0.7513386927349802
7288.5363609999995,0.05023574945907912,0.6091195370920088
7294.0321945,0.10985129319435462,0.5853263776708888
7299.528528,-0.055052888278919326,0.6141129692517707
7305.024916750001,-0.14947638593499069,0.6286552259909538
7310.5215,0.34165258743071597,0.6453338724232675
7316.01822225,-0.003213669679269166,0.8752786445898393
7321.515194500001,-0.05234533853730163,0.6225563875397092
7327.01227775,0.2034282874650997,0.6773481490640314
7332.50938875,0.229110681632623,0.6266244396276985
7338.006944499999,0.3390176977468615,0.8837360674643685
7343.50438875,0.08009212542092677,0.8553353315586897
7349.00211125,0.17879955470013537,0.5437848421786988
7354.5000555,0.20888164256347888,0.6132036127511328
7359.997778000001,0.03184664342172954,0.6712188292247933
7365.49561125,0.30939674163362674,0.7317126625504137
7370.9936665,-0.09514600385945225,0.818799324641915
7376.4918335,0.3522025954858549,0.5373335655428362
7381.990083250001,0.13664681855071859,0.5171857139759655
7387.488139000001,0.35102343064010527,0.5683821632651723
7392.986528,0.26161997738918835,0.6211423435295921
7398.484722249999,0.2221144683546925,0.6828673338648169
7403.98316675,0.06747398879395126,0.7004312034559086
7409.481611249999,0.15602508109575408,0.5106067281282116
7414.9799445,0.15002113202752854,0.5375451564458267
7420.478333250001,0.12645817804808032,0.5023429440254171
7425.97675,0.20615557841652699,0.5653988036206109
7431.474944500001,0.397171397875022,0.5803289407030556
7436.9731114999995,0.2039531149477035,0.6383797069179475
7442.471389,0.1333984299831246,0.5628323647314312
7447.969638750001,0.24466313935599573,0.8335384965127033
7458.74975,0.32284799296002087,0.5151000525700693
7474.722611,0.27740748379289254,0.7273443448926514
7482.82338875,0.25041363289107865,0.682368978383409
7488.324777749999,0.27827774542771794,0.5739975340489393
7493.8262777499995,0.36078020249958825,0.5563901331642794
7499.32780575,0.3554477455975479,0.5368531922226061
7504.82991675,0.35709673607489834,0.5236448126396214
7510.33169475,0.39586138956726663,0.5294457938413917
7515.833666500001,0.3721821701315109,0.5510896352826915
7521.3363334999995,0.38541734684756707,0.7910254678017141
7526.8385,0.1154637288435227,0.7790494634327699
7532.3411667499995,0.423260792461209,0.6026711350738744
7537.843639,0.34565172364227353,0.5544168359613765
7543.34666675,0.1552129165601355,0.5375747880494575
7548.8495555,0.17630094160157378,0.5273821697828209
7554.35250025,0.32199243412119816,0.5872102637631486
7559.855749749999,0.27499323654476715,0.5715760634109865
7565.359166499999,0.38736495036718954,0.5883498944278395
7570.86222225,0.3025614392386051,0.7460792267101718
7576.36591675,0.22181815803292532,0.6044233667418533
7581.869416500001,0.2474992614621153,0.5909206655129762
7587.3731665,0.1582781689839551,0.5924029739951489
7592.8768334999995,0.42711069051108513,0.5455228506561551
7598.639639,0.19909776891675385,0.5722074693607503
7606.477722,0.07049147417835122,0.5100379011220745
7614.749389,0.2061321551443236,0.5321333256775233
7623.0219445,0.11194005131369918,0.5560173804213785
7629.84349975,0.20083341015069917,0.5925483694221498
7635.35477775,0.15936266135485133,0.48572066796715063
7640.866416500001,0.1859319629542545,0.48277071082859063
7646.37861125,0.24090489931506598,0.5076506398843285
7651.89097225,0.1071256208164217,0.52005240989777
7657.4040832499995,0.3093224920793296,0.5416321917108337
7662.9174445,0.34526947944063247,0.5657699000790054
7668.431333,0.4203042127214047,0.5332385963286146
7673.94536075,0.3840283976028121,0.5039022235041501
7679.46011125,0.45323456780343757,0.5228721706690699
7684.9751945,0.318350451117589,0.5434711058296093
7690.49072225,0.06791429975870202,0.610538211120532
7696.006388999999,0.30331166866265447,0.5970908259994837
7701.523028,0.3074068575655798,0.5650548577359908
7707.0395555000005,0.7629563169306274,0.715503732913258
7712.556778,0.5489664964839126,1.1461479956408498
7718.074278,-0.2725165566291769,1.0923512723798032
7723.592389,0.21052493049587712,0.7240525433288024
7729.11050025,0.20644195402151685,0.6398006794156228
7734.62944425,0.2685982984669295,0.5803499268324276
7740.148611250001,0.48490656870867827,0.574733687041483
7745.6682775,0.8145505575269394,0.8656819788028149
7751.18822225,0.5268233611458724,1.112466563089201
7756.708611,0.42717692154846676,0.8381478123640048
7762.22966675,0.1346563854398213,0.7366910161636792
7767.750722000001,0.514384771383919,0.5985138272142929
7773.27233325,0.5156705874112922,0.660183314076876
7778.79455575,0.2849453490341329,0.7068885062190841
7784.316889,0.6149655313191869,0.6898528704658619
7789.839749999999,1.120451533745078,0.8367205361067142
7795.3628055,0.7073185385851295,0.9682429658078568
7800.8865000000005,0.23287622784658832,0.5709501938335073
7806.4106665,0.6379248188672934,0.7417978635390647
7811.93488875,0.34890502189331074,0.683102699660722
7817.459944499999,1.1479807110693008,0.8934231486174161
7822.985111,0.5052419280264854,1.02615145927561
7828.510833,16.08490118005988,0.7928687165825178
7834.03677775,12.802539059774524,0.7106181210897701
7839.5631665,0.7406291655679714,0.7219737772718854
7845.090139,0.3492554462735182,0.670796279617176
7850.61727775,0.6696859831431227,1.0398378212549237
7856.1448335000005,0.881391229639086,1.0705879689181095
7861.67280575,0.42989979001705525,0.7897044218488574
7867.20133325,0.1645424742660747,0.818583325552053
7872.73016675,-0.04202042691592454,0.8136870614236162
7878.25911125,0.480937790364856,0.7484762576911518
7883.78880525,0.21276603805391725,0.7619667540634927
7889.318861,0.5763904321617461,0.8576046024861352
7894.849083,0.30229519538710825,0.6727315532832432
7900.3798335,0.5023801121397207,0.5373572604362283
7905.91102775,0.3829420578002265,0.5640147008923712
7911.442499999999,0.9014632322623299,1.1712602010287003
7916.9743335,0.11086088066957339,1.1277912410218696
7922.50661125,0.0920159836507794,0.8373559194796181
7928.039250000001,0.3311542907313089,0.7035063137378329
7933.572389,0.02372439761764721,0.7126242178203454
7939.10591675,0.29975452329215424,0.5291826302832561
7944.6395,0.38233442900357717,0.6193459837672209
7950.17380575,0.12391533560332833,0.6894668247669662
7955.70827775,0.21972693235508925,0.5254867495861804
7961.243222,0.5580893769873394,0.9313469942128901
7966.77852775,0.09818125611665528,0.983717965597927
7972.3142775,0.5202095338338477,0.5891114588449533
7977.85033325,0.5000737416810307,0.7823802829675305
7983.386861250001,0.22115219156756974,0.6564409319997727
7988.923389,0.6821534485565172,0.8407566534171257
7994.4608055,-0.04716727731818563,1.0422635878355233
7999.998388999999,0.1901580885338067,0.5859516289679101
8005.5363335,0.4115732791843586,0.5162703385171932
8011.074610999999,1.0605683053795143,0.6584867754649817
8016.61327775,1.2940892552348604,0.71958158073626
8022.15219425,0.8827019240080213,0.8229714253807763
8027.69191675,0.4890372808973954,0.9017632498305818
8033.23147225,1.1218181890325718,0.5610705381777604
8038.77163875,0.2969812125287208,0.509356998878873
8044.31213925,0.3846490823922802,0.5111386235156675
8049.853110999999,0.27413213943118037,0.6174862915986788
8055.39449975,0.30405478482035786,0.6081636815440473
8060.93616675,0.6902261205326313,0.7213291031975497
8066.478111,0.3006054608780393,0.6058230994049294
8072.0205000000005,0.5132531641148669,0.5050485031174771
8077.56327775,0.47772111297423475,0.5709801092883394
8083.106111,0.3380784804538625,0.58238853788418
8088.64958325,0.30242389535149933,0.5160247523425007
8094.19338875,0.3537578676836623,0.5327402266846936
8099.73755575,0.4098272892049354,0.5875777714672281
8105.282139,0.2690452876693605,0.5769325849004348
8110.82727775,0.31319118568678816,0.5013033902269872
8116.372389,0.390912043558431,0.4983084804832107
8121.91783325,0.3186140463595022,0.4928836076279591
8127.46402775,0.4633706881499168,0.5065018399356258
8133.010333,0.38909646507416756,0.49621658630666454
8138.55702775,0.5033009090670295,0.5129117912199775
8144.10377775,0.40276938753444846,0.5224055019586467
8149.65141675,0.3587328477781628,0.504729418218681
8155.199,0.385509954110279,0.4752459785312877
8160.74705575,0.38997776048533517,0.4733381447759201
8166.295611250001,0.4002403579014069,0.47192436809105726
8171.844139000001,0.5227405003323959,0.4711179964644796
8177.39336125,0.20297864271547691,0.46701816833574694
8182.942916750001,0.27528664584140916,0.4742971135450161
8188.49266675,0.4248968927842062,0.5001582716087281
8194.042833250001,0.23012164154467254,0.509459079419702
8199.593389,0.3760944018066949,0.48396643953419655
8205.1443335,0.4415606446160531,0.4954012877421554
8210.69544425,0.27316557495625754,0.49697132797145843
8216.24688875,0.337767137911232,0.48998752806322715
8221.798889,0.19509874688601006,0.4765572973632849
8227.351361,0.40077222923593114,0.4797412924332646
8232.903889000001,0.28640208615698426,0.4768281031814327
8238.45680575,0.4355880722339858,0.49280994606825806
8244.0098335,0.4607726890695385,0.5033360703107713
8249.5634445,0.33035334975104563,0.5117894705471447
8255.11741675,0.16730291083217716,0.4905430456193457
8260.671722250001,0.4570035094361961,0.5259722871023236
8266.22647225,0.5480479451446635,0.4928898654087481
8271.781139,0.48305381453978685,0.5142075332663074
8277.336472250001,0.3507502863696679,0.8046859477488846
8282.89222225,0.4283423702728491,0.9782591410839384
8288.44802775,0.025034968884836122,1.0064974103837199
8294.00438875,0.5576460709380175,0.9790500455404942
8299.56086075,0.2928966616159245,1.0923741545303072
8305.11788875,0.12648412310148727,0.995019938850672
8310.67527775,0.12290971846140811,0.7006545103481864
8316.2328335,0.09954357940685746,0.5616195690984808
8321.7909725,0.2449182006622156,0.5148421973363952
8327.3489725,0.32926849184755286,0.4947123195918185
8332.9076945,0.3821697071043703,0.5005844118056486
8338.466583500001,1.5150639928694507,0.9740359745967816
8344.02586125,0.8388381962015684,1.5912844187079584
8349.585500000001,-0.46515027786301066,1.1845896840065873
8355.145333,-0.023110945092669255,0.8709391675854531
8360.705611,0.39352574818316804,0.6461610011273022
8366.266111,0.29248724595559117,0.6918481992240314
8371.82716675,0.39469028740026063,0.514681278075921
8377.388305749999,0.7399231444855162,0.7060960799033262
8382.949722,0.45029825172727017,0.842697665257437
8388.51158325,0.4052430477481773,0.5779965277033805
8394.07361125,1.4810463853410116,0.9461163570880333
8399.636111,1.141528150921353,1.3906380463445573
8405.19905525,-0.2597498387873401,0.6872854659317554
8410.762111,0.7253012302407821,0.7293716478810109
8416.32547225,0.6616979574783327,0.8885253237269309
8421.88925,0.2481839620298433,0.5950263722641144
8427.45333325,1.2918360012850287,1.3707249410297406
8433.0176665,-0.511913560106921,1.4383039357360003
8438.5823055,0.3615203983136909,0.5367580289680441
8444.147333500001,3.0134141491716084,1.0286124699879569
8449.7125835,0.5840796330349894,0.8504580507922314
8455.2783055,0.3073887043779638,0.74229960399729
8460.844305499999,0.7410087629756156,1.0616966768324598
8466.410444500001,-0.2265463291814816,1.2036842825138512
8471.9770555,0.08894213148506619,0.6057162655645155
8477.54383325,0.44086029845625274,0.5274022058747994
8483.1110555,0.4369987165739332,0.4964094182229574
8488.6785555,0.4411177996147929,0.6267946829835043
8494.246361,0.3849577995008266,0.7458482154754996
8499.814389,0.4030548800115071,0.7332104468968671
8505.38263875,-0.19575893590938293,0.8993449049420897
8510.951305499999,0.2668708290793031,0.5699244618296118
8516.5204445,0.919544738828199,0.5098837169191421
8522.08961125,0.3647743045238419,0.49662116837049713
8527.6592775,0.3329286776732173,0.48271626125297085
8533.229361,0.3054923484672742,0.5259739062658575
8538.79936125,0.5932989960256595,0.6136674284573662
8544.36994425,0.5506654647370091,0.6283491720896264
8549.94077775,0.2747469961748605,0.7082949519759717
8555.511749999998,0.14295457433604392,0.5098021370002727
8561.083166749999,0.47416161027989034,0.49078599259442124
8566.655028,0.4523191148141339,0.4980956941512969
8572.226722,0.25957474204245007,0.5053618738489343
8577.79902775,0.40790772127487296,0.5210518004010561
8583.3715555,0.47976706341651193,0.5181656310481318
8588.944611,0.22589231615020836,0.5571026184793809
8594.5176945,0.034925711383684395,0.5903492379210427
8600.09125025,0.1667137214444378,0.5631753571990981
8605.664888500001,0.29631134923798175,0.5130793433658092
8611.238861,0.3391157024639681,0.5890001943780627
8616.813222,0.5130473743330826,0.7661036884652703
8622.3878335,0.7117934801156297,0.9026218340739876
8627.962778000001,0.2523459026126526,1.0073971236403756
8633.5379445,0.31557598711829,0.9595946600614854
8639.113472000001,0.2562349730457214,0.8033093993444561
8644.68880575,0.5758864764198032,0.7099338534113623
8650.26525,0.8674093010978148,0.9342386918952941
8655.841528,0.295215793755354,0.9903005991581717
8661.41813875,0.23078408017811242,0.9677416471334295
8666.994972,0.17927754667164628,0.9046562994521019
8672.572138749998,0.5186423969617472,0.8151886846428623
8678.14972225,0.26037708273143806,0.7289427880520504
8683.72738875,0.10419672101692617,0.6522827924614213
8689.30530525,0.5621386895288946,0.5984686653194604
8694.883249999999,0.3228505030686501,0.6156918595915714
8700.4615835,0.3199823772009824,0.5644668409807032
8706.040472249999,0.3019366182742383,0.5629787437656772
8711.61913925,0.27675560160932217,0.5336389738782996
8717.198722,0.436862084705282,0.520698542213998
8722.77825025,0.3846314373652058,0.5182562818210162
8728.3583335,0.5373434971772834,0.5267973845582921
8733.938749750001,0.6373928496431445,0.524417829586635
8739.51924975,0.46668136546889905,0.5406930683042833
8745.099944500002,0.6074544537945072,0.5384501788332833
8750.680889,0.3430992082023515,0.5386906607844848
8756.26225,0.958873008332739,0.932914320502967
8761.83067725,0.6398699169369987,1.4116829953354435
8767.425638749999,-0.32768322491455787,1.392910109036256
8773.0075,0.3872126244838253,1.2421226457211125
8778.59002775,0.37202512052814535,1.5260163261463713
8784.17247225,-0.16948710479017173,1.2755931531360534
8789.75547225,0.2932105576809708,0.8854301679212441
8795.33888875,0.3106782251494705,0.7034126592669905
8800.92219425,0.6103899205536745,0.5333322300541471
8806.505750249999,0.41727348261282204,0.5632415933160363
8812.089611,0.3857488070571189,0.579756432698067
8817.6740555,0.4218985869289771,0.5528706394257549
8823.25861125,2.6478191207309307,1.7793219845288417
8828.843222,0.6992266303703133,2.09904493333812
8834.42802775,1.004380495580458,1.3911112436843385
8840.013361,0.007885157908416889,1.030805188391227
8845.5990275,0.8271612289656625,0.728309035080439
8851.184472,0.2368263257136164,0.8113506590448004
8856.7706115,0.19414842501447563,0.5821182055942784
8862.356944500001,0.5098897415457373,0.7972225991130012
8867.943639000001,0.415574353023355,1.0586423829660752
8873.530333249999,0.19737904098465048,0.6585867535183114
8879.1173055,1.1562467704492305,1.03757812766417
8884.704721999999,-0.48435631120600914,2.000290191440201
8890.29219475,-1.175306958269495,1.2811584037035915
8895.879916499998,0.6144595976025229,0.9243621075736804
8905.9211665,0.8772404408304773,1.026059787273105
8922.63016675,0.23542018558075278,1.4535503505654264
8939.37008325,0.3613204390445544,0.8285979968793784
8956.11158325,0.20541776032264578,1.5175228682643647
8972.853666750001,0.5563879183051683,0.5552465408934165
8989.59675025,0.2200304510931265,0.7933226555186172
9006.34124975,-0.022051268560975324,0.81488230783457
9023.086333500001,0.45760346450022077,0.5651470680266821
9039.83175,0.4640737339870383,1.1188879057757974
